[INFO] 2026-06-17 20:59:07,645 udid.utils.panaccess.subscriberinfo [sync_all_smartcards_bulk] Iniciando consolidación masiva desde smartcards...
[INFO] 2026-06-17 20:59:07,728 udid.utils.panaccess.subscriberinfo [get_login_data] Login encontrado para 18
[INFO] 2026-06-17 20:59:07,736 udid.utils.panaccess.subscriberinfo [get_login_data] Login encontrado para 00073420L12
[WARNING] 2026-06-17 20:59:07,738 udid.utils.panaccess.subscriberinfo [get_login_data] No se encontró login para 542
[WARNING] 2026-06-17 20:59:07,741 udid.utils.panaccess.subscriberinfo [get_login_data] No se encontró login para 544
[WARNING] 2026-06-17 20:59:07,744 udid.utils.panaccess.subscriberinfo [get_login_data] No se encontró login para 547
[WARNING] 2026-06-17 20:59:07,746 udid.utils.panaccess.subscriberinfo [get_login_data] No se encontró login para 542
[WARNING] 2026-06-17 20:59:07,749 udid.utils.panaccess.subscriberinfo [get_login_data] No se encontró login para 542
[INFO] 2026-06-17 20:59:07,751 udid.utils.panaccess.subscriberinfo [get_login_data] Login encontrado para 537
[WARNING] 2026-06-17 20:59:07,754 udid.utils.panaccess.subscriberinfo [get_login_data] No se encontró login para 543
[WARNING] 2026-06-17 20:59:07,757 udid.utils.panaccess.subscriberinfo [get_login_data] No se encontró login para 547
[INFO] 2026-06-17 20:59:07,759 udid.utils.panaccess.subscriberinfo [get_login_data] Login encontrado para 534
[INFO] 2026-06-17 20:59:07,762 udid.utils.panaccess.subscriberinfo [get_login_data] Login encontrado para 00073420L12
[WARNING] 2026-06-17 20:59:07,765 udid.utils.panaccess.subscriberinfo [get_login_data] No se encontró login para 541
[WARNING] 2026-06-17 20:59:07,768 udid.utils.panaccess.subscriberinfo [get_login_data] No se encontró login para 543
[INFO] 2026-06-17 20:59:07,771 udid.utils.panaccess.subscriberinfo [get_login_data] Login encontrado para 511
[INFO] 2026-06-17 20:59:07,773 udid.utils.panaccess.subscriberinfo [get_login_data] Login encontrado para 534
[INFO] 2026-06-17 20:59:07,776 udid.utils.panaccess.subscriberinfo [get_login_data] Login encontrado para 536
[INFO] 2026-06-17 20:59:07,779 udid.utils.panaccess.subscriberinfo [get_login_data] Login encontrado para 534
[INFO] 2026-06-17 20:59:07,782 udid.utils.panaccess.subscriberinfo [get_login_data] Login encontrado para 538
[WARNING] 2026-06-17 20:59:07,784 udid.utils.panaccess.subscriberinfo [get_login_data] No se encontró login para 544
[INFO] 2026-06-17 20:59:07,787 udid.utils.panaccess.subscriberinfo [get_login_data] Login encontrado para 511
[WARNING] 2026-06-17 20:59:07,789 udid.utils.panaccess.subscriberinfo [get_login_data] No se encontró login para 548
[INFO] 2026-06-17 20:59:07,792 udid.utils.panaccess.subscriberinfo [get_login_data] Login encontrado para 537
[INFO] 2026-06-17 20:59:07,795 udid.utils.panaccess.subscriberinfo [get_login_data] Login encontrado para 536
[WARNING] 2026-06-17 20:59:07,797 udid.utils.panaccess.subscriberinfo [get_login_data] No se encontró login para 548
[WARNING] 2026-06-17 20:59:07,800 udid.utils.panaccess.subscriberinfo [get_login_data] No se encontró login para 546
[WARNING] 2026-06-17 20:59:07,804 udid.utils.panaccess.subscriberinfo [get_login_data] No se encontró login para 545
[INFO] 2026-06-17 20:59:07,806 udid.utils.panaccess.subscriberinfo [get_login_data] Login encontrado para 538
[WARNING] 2026-06-17 20:59:07,809 udid.utils.panaccess.subscriberinfo [get_login_data] No se encontró login para 547
[WARNING] 2026-06-17 20:59:07,811 udid.utils.panaccess.subscriberinfo [get_login_data] No se encontró login para 00073420L14
[INFO] 2026-06-17 20:59:07,814 udid.utils.panaccess.subscriberinfo [get_login_data] Login encontrado para 536
[WARNING] 2026-06-17 20:59:07,817 udid.utils.panaccess.subscriberinfo [get_login_data] No se encontró login para 550
[INFO] 2026-06-17 20:59:07,819 udid.utils.panaccess.subscriberinfo [get_login_data] Login encontrado para 00073420L12
[INFO] 2026-06-17 20:59:07,822 udid.utils.panaccess.subscriberinfo [get_login_data] Login encontrado para 536
[WARNING] 2026-06-17 20:59:07,825 udid.utils.panaccess.subscriberinfo [get_login_data] No se encontró login para 541
[INFO] 2026-06-17 20:59:07,827 udid.utils.panaccess.subscriberinfo [get_login_data] Login encontrado para 515
[INFO] 2026-06-17 20:59:07,830 udid.utils.panaccess.subscriberinfo [get_login_data] Login encontrado para 540
[INFO] 2026-06-17 20:59:07,833 udid.utils.panaccess.subscriberinfo [get_login_data] Login encontrado para 535
[INFO] 2026-06-17 20:59:07,836 udid.utils.panaccess.subscriberinfo [get_login_data] Login encontrado para 515
[WARNING] 2026-06-17 20:59:07,838 udid.utils.panaccess.subscriberinfo [get_login_data] No se encontró login para 550
[INFO] 2026-06-17 20:59:07,841 udid.utils.panaccess.subscriberinfo [get_login_data] Login encontrado para 536
[INFO] 2026-06-17 20:59:07,844 udid.utils.panaccess.subscriberinfo [get_login_data] Login encontrado para 23
[WARNING] 2026-06-17 20:59:07,846 udid.utils.panaccess.subscriberinfo [get_login_data] No se encontró login para 549
[INFO] 2026-06-17 20:59:07,849 udid.utils.panaccess.subscriberinfo [get_login_data] Login encontrado para 535
[INFO] 2026-06-17 20:59:07,851 udid.utils.panaccess.subscriberinfo [get_login_data] Login encontrado para 515
[INFO] 2026-06-17 20:59:07,854 udid.utils.panaccess.subscriberinfo [get_login_data] Login encontrado para 539
[INFO] 2026-06-17 20:59:07,857 udid.utils.panaccess.subscriberinfo [get_login_data] Login encontrado para 540
[INFO] 2026-06-17 20:59:07,860 udid.utils.panaccess.subscriberinfo [get_login_data] Login encontrado para 515
[WARNING] 2026-06-17 20:59:07,862 udid.utils.panaccess.subscriberinfo [get_login_data] No se encontró login para 550
[WARNING] 2026-06-17 20:59:07,865 udid.utils.panaccess.subscriberinfo [get_login_data] No se encontró login para 543
[INFO] 2026-06-17 20:59:07,867 udid.utils.panaccess.subscriberinfo [get_login_data] Login encontrado para 539
[WARNING] 2026-06-17 20:59:07,870 udid.utils.panaccess.subscriberinfo [get_login_data] No se encontró login para 550
[WARNING] 2026-06-17 20:59:07,873 udid.utils.panaccess.subscriberinfo [get_login_data] No se encontró login para 544
[WARNING] 2026-06-17 20:59:07,875 udid.utils.panaccess.subscriberinfo [get_login_data] No se encontró login para 545
[WARNING] 2026-06-17 20:59:07,878 udid.utils.panaccess.subscriberinfo [get_login_data] No se encontró login para 545
[WARNING] 2026-06-17 20:59:07,881 udid.utils.panaccess.subscriberinfo [get_login_data] No se encontró login para 546
[WARNING] 2026-06-17 20:59:07,884 udid.utils.panaccess.subscriberinfo [get_login_data] No se encontró login para 548
[WARNING] 2026-06-17 20:59:07,887 udid.utils.panaccess.subscriberinfo [get_login_data] No se encontró login para 548
[WARNING] 2026-06-17 20:59:07,890 udid.utils.panaccess.subscriberinfo [get_login_data] No se encontró login para 549
[INFO] 2026-06-17 20:59:07,893 udid.utils.panaccess.subscriberinfo [get_login_data] Login encontrado para 00073420L12
[WARNING] 2026-06-17 20:59:07,896 udid.utils.panaccess.subscriberinfo [get_login_data] No se encontró login para 552
[INFO] 2026-06-17 20:59:07,899 udid.utils.panaccess.subscriberinfo [get_login_data] Login encontrado para 538
[INFO] 2026-06-17 20:59:07,902 udid.utils.panaccess.subscriberinfo [get_login_data] Login encontrado para 536
[INFO] 2026-06-17 20:59:07,906 udid.utils.panaccess.subscriberinfo [get_login_data] Login encontrado para 538
[WARNING] 2026-06-17 20:59:07,908 udid.utils.panaccess.subscriberinfo [get_login_data] No se encontró login para 552
[INFO] 2026-06-17 20:59:07,911 udid.utils.panaccess.subscriberinfo [get_login_data] Login encontrado para 23
[WARNING] 2026-06-17 20:59:07,914 udid.utils.panaccess.subscriberinfo [get_login_data] No se encontró login para 552
[INFO] 2026-06-17 20:59:07,917 udid.utils.panaccess.subscriberinfo [get_login_data] Login encontrado para 540
[WARNING] 2026-06-17 20:59:07,920 udid.utils.panaccess.subscriberinfo [get_login_data] No se encontró login para 551
[WARNING] 2026-06-17 20:59:07,924 udid.utils.panaccess.subscriberinfo [get_login_data] No se encontró login para 551
[INFO] 2026-06-17 20:59:07,927 udid.utils.panaccess.subscriberinfo [get_login_data] Login encontrado para 23
[INFO] 2026-06-17 20:59:07,930 udid.utils.panaccess.subscriberinfo [get_login_data] Login encontrado para 5
[INFO] 2026-06-17 20:59:07,934 udid.utils.panaccess.subscriberinfo [get_login_data] Login encontrado para 6
[INFO] 2026-06-17 20:59:07,937 udid.utils.panaccess.subscriberinfo [get_login_data] Login encontrado para 9
[INFO] 2026-06-17 20:59:07,940 udid.utils.panaccess.subscriberinfo [get_login_data] Login encontrado para 6
[INFO] 2026-06-17 20:59:07,944 udid.utils.panaccess.subscriberinfo [get_login_data] Login encontrado para 2
[INFO] 2026-06-17 20:59:07,947 udid.utils.panaccess.subscriberinfo [get_login_data] Login encontrado para 4
[INFO] 2026-06-17 20:59:07,950 udid.utils.panaccess.subscriberinfo [get_login_data] Login encontrado para 3
[INFO] 2026-06-17 20:59:07,953 udid.utils.panaccess.subscriberinfo [get_login_data] Login encontrado para 2
[INFO] 2026-06-17 20:59:07,956 udid.utils.panaccess.subscriberinfo [get_login_data] Login encontrado para 1
[INFO] 2026-06-17 20:59:07,959 udid.utils.panaccess.subscriberinfo [get_login_data] Login encontrado para 7
[INFO] 2026-06-17 20:59:07,962 udid.utils.panaccess.subscriberinfo [get_login_data] Login encontrado para 1
[INFO] 2026-06-17 20:59:07,965 udid.utils.panaccess.subscriberinfo [get_login_data] Login encontrado para 3
[INFO] 2026-06-17 20:59:07,968 udid.utils.panaccess.subscriberinfo [get_login_data] Login encontrado para 4
[INFO] 2026-06-17 20:59:07,971 udid.utils.panaccess.subscriberinfo [get_login_data] Login encontrado para 1
[INFO] 2026-06-17 20:59:07,974 udid.utils.panaccess.subscriberinfo [get_login_data] Login encontrado para 2
[INFO] 2026-06-17 20:59:07,978 udid.utils.panaccess.subscriberinfo [get_login_data] Login encontrado para 7
[INFO] 2026-06-17 20:59:07,981 udid.utils.panaccess.subscriberinfo [get_login_data] Login encontrado para 4
[INFO] 2026-06-17 20:59:07,983 udid.utils.panaccess.subscriberinfo [get_login_data] Login encontrado para 8
[INFO] 2026-06-17 20:59:07,987 udid.utils.panaccess.subscriberinfo [get_login_data] Login encontrado para 7
[INFO] 2026-06-17 20:59:07,991 udid.utils.panaccess.subscriberinfo [get_login_data] Login encontrado para 5
[INFO] 2026-06-17 20:59:07,995 udid.utils.panaccess.subscriberinfo [get_login_data] Login encontrado para 6
[INFO] 2026-06-17 20:59:07,998 udid.utils.panaccess.subscriberinfo [get_login_data] Login encontrado para 00001
[INFO] 2026-06-17 20:59:08,001 udid.utils.panaccess.subscriberinfo [get_login_data] Login encontrado para 3
[INFO] 2026-06-17 20:59:08,005 udid.utils.panaccess.subscriberinfo [get_login_data] Login encontrado para 8
[INFO] 2026-06-17 20:59:08,008 udid.utils.panaccess.subscriberinfo [get_login_data] Login encontrado para 8
[INFO] 2026-06-17 20:59:08,011 udid.utils.panaccess.subscriberinfo [get_login_data] Login encontrado para 6
[INFO] 2026-06-17 20:59:08,014 udid.utils.panaccess.subscriberinfo [get_login_data] Login encontrado para 3
[INFO] 2026-06-17 20:59:08,018 udid.utils.panaccess.subscriberinfo [get_login_data] Login encontrado para 8
[INFO] 2026-06-17 20:59:08,021 udid.utils.panaccess.subscriberinfo [get_login_data] Login encontrado para 509
[INFO] 2026-06-17 20:59:08,027 udid.utils.panaccess.subscriberinfo [get_login_data] Login encontrado para 9
[INFO] 2026-06-17 20:59:08,030 udid.utils.panaccess.subscriberinfo [get_login_data] Login encontrado para 13
[INFO] 2026-06-17 20:59:08,033 udid.utils.panaccess.subscriberinfo [get_login_data] Login encontrado para 13
[INFO] 2026-06-17 20:59:08,036 udid.utils.panaccess.subscriberinfo [get_login_data] Login encontrado para 508
[INFO] 2026-06-17 20:59:08,039 udid.utils.panaccess.subscriberinfo [get_login_data] Login encontrado para 0008
[INFO] 2026-06-17 20:59:08,043 udid.utils.panaccess.subscriberinfo [get_login_data] Login encontrado para 9
[INFO] 2026-06-17 20:59:08,046 udid.utils.panaccess.subscriberinfo [get_login_data] Login encontrado para 12
[INFO] 2026-06-17 20:59:08,049 udid.utils.panaccess.subscriberinfo [get_login_data] Login encontrado para 509
[INFO] 2026-06-17 20:59:08,052 udid.utils.panaccess.subscriberinfo [get_login_data] Login encontrado para 0008
[INFO] 2026-06-17 20:59:08,055 udid.utils.panaccess.subscriberinfo [get_login_data] Login encontrado para 509
[INFO] 2026-06-17 20:59:08,058 udid.utils.panaccess.subscriberinfo [get_login_data] Login encontrado para 509
[INFO] 2026-06-17 20:59:08,062 udid.utils.panaccess.subscriberinfo [get_login_data] Login encontrado para 506
[INFO] 2026-06-17 20:59:08,064 udid.utils.panaccess.subscriberinfo [get_login_data] Login encontrado para 508
[INFO] 2026-06-17 20:59:08,067 udid.utils.panaccess.subscriberinfo [get_login_data] Login encontrado para 508
[INFO] 2026-06-17 20:59:08,071 udid.utils.panaccess.subscriberinfo [get_login_data] Login encontrado para 508
[INFO] 2026-06-17 20:59:08,075 udid.utils.panaccess.subscriberinfo [get_login_data] Login encontrado para 12
[INFO] 2026-06-17 20:59:08,078 udid.utils.panaccess.subscriberinfo [get_login_data] Login encontrado para 0008
[INFO] 2026-06-17 20:59:08,081 udid.utils.panaccess.subscriberinfo [get_login_data] Login encontrado para 12
[INFO] 2026-06-17 20:59:08,084 udid.utils.panaccess.subscriberinfo [get_login_data] Login encontrado para 12
[INFO] 2026-06-17 20:59:08,087 udid.utils.panaccess.subscriberinfo [get_login_data] Login encontrado para 14
[INFO] 2026-06-17 20:59:08,090 udid.utils.panaccess.subscriberinfo [get_login_data] Login encontrado para 14
[INFO] 2026-06-17 20:59:08,093 udid.utils.panaccess.subscriberinfo [get_login_data] Login encontrado para 14
[INFO] 2026-06-17 20:59:08,096 udid.utils.panaccess.subscriberinfo [get_login_data] Login encontrado para 14
[INFO] 2026-06-17 20:59:08,099 udid.utils.panaccess.subscriberinfo [get_login_data] Login encontrado para 14
[INFO] 2026-06-17 20:59:08,103 udid.utils.panaccess.subscriberinfo [get_login_data] Login encontrado para 14
[INFO] 2026-06-17 20:59:08,106 udid.utils.panaccess.subscriberinfo [get_login_data] Login encontrado para 14
[INFO] 2026-06-17 20:59:08,109 udid.utils.panaccess.subscriberinfo [get_login_data] Login encontrado para 14
[INFO] 2026-06-17 20:59:08,112 udid.utils.panaccess.subscriberinfo [get_login_data] Login encontrado para 14
[INFO] 2026-06-17 20:59:08,115 udid.utils.panaccess.subscriberinfo [get_login_data] Login encontrado para 14
[INFO] 2026-06-17 20:59:08,118 udid.utils.panaccess.subscriberinfo [get_login_data] Login encontrado para 14
[INFO] 2026-06-17 20:59:08,121 udid.utils.panaccess.subscriberinfo [get_login_data] Login encontrado para 14
[INFO] 2026-06-17 20:59:08,124 udid.utils.panaccess.subscriberinfo [get_login_data] Login encontrado para 14
[INFO] 2026-06-17 20:59:08,127 udid.utils.panaccess.subscriberinfo [get_login_data] Login encontrado para 14
[INFO] 2026-06-17 20:59:08,130 udid.utils.panaccess.subscriberinfo [get_login_data] Login encontrado para 14
[INFO] 2026-06-17 20:59:08,134 udid.utils.panaccess.subscriberinfo [get_login_data] Login encontrado para 15
[INFO] 2026-06-17 20:59:08,137 udid.utils.panaccess.subscriberinfo [get_login_data] Login encontrado para 14
[INFO] 2026-06-17 20:59:08,140 udid.utils.panaccess.subscriberinfo [get_login_data] Login encontrado para 15
[INFO] 2026-06-17 20:59:08,143 udid.utils.panaccess.subscriberinfo [get_login_data] Login encontrado para 17
[INFO] 2026-06-17 20:59:08,146 udid.utils.panaccess.subscriberinfo [get_login_data] Login encontrado para 17
[INFO] 2026-06-17 20:59:08,149 udid.utils.panaccess.subscriberinfo [get_login_data] Login encontrado para 18
[INFO] 2026-06-17 20:59:08,153 udid.utils.panaccess.subscriberinfo [get_login_data] Login encontrado para 16
[INFO] 2026-06-17 20:59:08,156 udid.utils.panaccess.subscriberinfo [get_login_data] Login encontrado para 5
[INFO] 2026-06-17 20:59:08,159 udid.utils.panaccess.subscriberinfo [get_login_data] Login encontrado para 14
[INFO] 2026-06-17 20:59:08,162 udid.utils.panaccess.subscriberinfo [get_login_data] Login encontrado para 14
[INFO] 2026-06-17 20:59:08,165 udid.utils.panaccess.subscriberinfo [get_login_data] Login encontrado para 20
[INFO] 2026-06-17 20:59:08,167 udid.utils.panaccess.subscriberinfo [get_login_data] Login encontrado para 5
[INFO] 2026-06-17 20:59:08,170 udid.utils.panaccess.subscriberinfo [get_login_data] Login encontrado para 20
[INFO] 2026-06-17 20:59:08,174 udid.utils.panaccess.subscriberinfo [get_login_data] Login encontrado para 16
[INFO] 2026-06-17 20:59:08,177 udid.utils.panaccess.subscriberinfo [get_login_data] Login encontrado para 17
[INFO] 2026-06-17 20:59:08,179 udid.utils.panaccess.subscriberinfo [get_login_data] Login encontrado para 15
[INFO] 2026-06-17 20:59:08,183 udid.utils.panaccess.subscriberinfo [get_login_data] Login encontrado para 18
[INFO] 2026-06-17 20:59:08,186 udid.utils.panaccess.subscriberinfo [get_login_data] Login encontrado para 5
[INFO] 2026-06-17 20:59:08,190 udid.utils.panaccess.subscriberinfo [get_login_data] Login encontrado para 18
[INFO] 2026-06-17 20:59:08,193 udid.utils.panaccess.subscriberinfo [get_login_data] Login encontrado para 17
[INFO] 2026-06-17 20:59:08,197 udid.utils.panaccess.subscriberinfo [get_login_data] Login encontrado para 18
[INFO] 2026-06-17 20:59:08,200 udid.utils.panaccess.subscriberinfo [get_login_data] Login encontrado para 14
[INFO] 2026-06-17 20:59:08,203 udid.utils.panaccess.subscriberinfo [get_login_data] Login encontrado para 16
[INFO] 2026-06-17 20:59:08,206 udid.utils.panaccess.subscriberinfo [get_login_data] Login encontrado para 14
[INFO] 2026-06-17 20:59:08,209 udid.utils.panaccess.subscriberinfo [get_login_data] Login encontrado para 20
[INFO] 2026-06-17 20:59:08,212 udid.utils.panaccess.subscriberinfo [get_login_data] Login encontrado para 14
[INFO] 2026-06-17 20:59:08,214 udid.utils.panaccess.subscriberinfo [get_login_data] Login encontrado para 20
[INFO] 2026-06-17 20:59:08,217 udid.utils.panaccess.subscriberinfo [get_login_data] Login encontrado para 503
[INFO] 2026-06-17 20:59:08,220 udid.utils.panaccess.subscriberinfo [get_login_data] Login encontrado para 505
[INFO] 2026-06-17 20:59:08,223 udid.utils.panaccess.subscriberinfo [get_login_data] Login encontrado para 510
[INFO] 2026-06-17 20:59:08,227 udid.utils.panaccess.subscriberinfo [get_login_data] Login encontrado para 503
[INFO] 2026-06-17 20:59:08,230 udid.utils.panaccess.subscriberinfo [get_login_data] Login encontrado para 22
[INFO] 2026-06-17 20:59:08,233 udid.utils.panaccess.subscriberinfo [get_login_data] Login encontrado para 23
[INFO] 2026-06-17 20:59:08,236 udid.utils.panaccess.subscriberinfo [get_login_data] Login encontrado para 18
[INFO] 2026-06-17 20:59:08,240 udid.utils.panaccess.subscriberinfo [get_login_data] Login encontrado para 23
[INFO] 2026-06-17 20:59:08,244 udid.utils.panaccess.subscriberinfo [get_login_data] Login encontrado para 18
[INFO] 2026-06-17 20:59:08,247 udid.utils.panaccess.subscriberinfo [get_login_data] Login encontrado para 22
[INFO] 2026-06-17 20:59:08,250 udid.utils.panaccess.subscriberinfo [get_login_data] Login encontrado para 504
[INFO] 2026-06-17 20:59:08,254 udid.utils.panaccess.subscriberinfo [get_login_data] Login encontrado para 23
[INFO] 2026-06-17 20:59:08,257 udid.utils.panaccess.subscriberinfo [get_login_data] Login encontrado para 23
[INFO] 2026-06-17 20:59:08,260 udid.utils.panaccess.subscriberinfo [get_login_data] Login encontrado para 504
[INFO] 2026-06-17 20:59:08,263 udid.utils.panaccess.subscriberinfo [get_login_data] Login encontrado para 503
[INFO] 2026-06-17 20:59:08,266 udid.utils.panaccess.subscriberinfo [get_login_data] Login encontrado para 505
[INFO] 2026-06-17 20:59:08,269 udid.utils.panaccess.subscriberinfo [get_login_data] Login encontrado para 510
[INFO] 2026-06-17 20:59:08,272 udid.utils.panaccess.subscriberinfo [get_login_data] Login encontrado para 504
[INFO] 2026-06-17 20:59:08,275 udid.utils.panaccess.subscriberinfo [get_login_data] Login encontrado para 18
[INFO] 2026-06-17 20:59:08,279 udid.utils.panaccess.subscriberinfo [get_login_data] Login encontrado para 21
[INFO] 2026-06-17 20:59:08,282 udid.utils.panaccess.subscriberinfo [get_login_data] Login encontrado para 21
[INFO] 2026-06-17 20:59:08,285 udid.utils.panaccess.subscriberinfo [get_login_data] Login encontrado para 505
[INFO] 2026-06-17 20:59:08,288 udid.utils.panaccess.subscriberinfo [get_login_data] Login encontrado para 504
[INFO] 2026-06-17 20:59:08,291 udid.utils.panaccess.subscriberinfo [get_login_data] Login encontrado para 510
[INFO] 2026-06-17 20:59:08,294 udid.utils.panaccess.subscriberinfo [get_login_data] Login encontrado para 505
[INFO] 2026-06-17 20:59:08,297 udid.utils.panaccess.subscriberinfo [get_login_data] Login encontrado para 22
[INFO] 2026-06-17 20:59:08,300 udid.utils.panaccess.subscriberinfo [get_login_data] Login encontrado para 21
[INFO] 2026-06-17 20:59:08,303 udid.utils.panaccess.subscriberinfo [get_login_data] Login encontrado para 22
[INFO] 2026-06-17 20:59:08,306 udid.utils.panaccess.subscriberinfo [get_login_data] Login encontrado para 503
[INFO] 2026-06-17 20:59:08,309 udid.utils.panaccess.subscriberinfo [get_login_data] Login encontrado para 23
[INFO] 2026-06-17 20:59:08,312 udid.utils.panaccess.subscriberinfo [get_login_data] Login encontrado para 23
[INFO] 2026-06-17 20:59:08,316 udid.utils.panaccess.subscriberinfo [get_login_data] Login encontrado para 18
[INFO] 2026-06-17 20:59:08,320 udid.utils.panaccess.subscriberinfo [get_login_data] Login encontrado para 18
[INFO] 2026-06-17 20:59:08,323 udid.utils.panaccess.subscriberinfo [get_login_data] Login encontrado para 18
[INFO] 2026-06-17 20:59:08,326 udid.utils.panaccess.subscriberinfo [get_login_data] Login encontrado para 00073420U2
[INFO] 2026-06-17 20:59:08,330 udid.utils.panaccess.subscriberinfo [get_login_data] Login encontrado para 18
[INFO] 2026-06-17 20:59:08,333 udid.utils.panaccess.subscriberinfo [get_login_data] Login encontrado para 23
[INFO] 2026-06-17 20:59:08,336 udid.utils.panaccess.subscriberinfo [get_login_data] Login encontrado para 18
[INFO] 2026-06-17 20:59:08,340 udid.utils.panaccess.subscriberinfo [get_login_data] Login encontrado para 18
[INFO] 2026-06-17 20:59:08,346 udid.utils.panaccess.subscriberinfo [get_login_data] Login encontrado para 18
[INFO] 2026-06-17 20:59:08,349 udid.utils.panaccess.subscriberinfo [get_login_data] Login encontrado para 00073420U2
[INFO] 2026-06-17 20:59:08,353 udid.utils.panaccess.subscriberinfo [get_login_data] Login encontrado para 18
[INFO] 2026-06-17 20:59:08,357 udid.utils.panaccess.subscriberinfo [get_login_data] Login encontrado para 18
[INFO] 2026-06-17 20:59:08,360 udid.utils.panaccess.subscriberinfo [get_login_data] Login encontrado para 00073420U2
[INFO] 2026-06-17 20:59:08,363 udid.utils.panaccess.subscriberinfo [get_login_data] Login encontrado para 23
[INFO] 2026-06-17 20:59:08,366 udid.utils.panaccess.subscriberinfo [get_login_data] Login encontrado para 18
[INFO] 2026-06-17 20:59:08,369 udid.utils.panaccess.subscriberinfo [get_login_data] Login encontrado para 18
[INFO] 2026-06-17 20:59:08,373 udid.utils.panaccess.subscriberinfo [get_login_data] Login encontrado para 18
[INFO] 2026-06-17 20:59:08,376 udid.utils.panaccess.subscriberinfo [get_login_data] Login encontrado para 18
[INFO] 2026-06-17 20:59:08,379 udid.utils.panaccess.subscriberinfo [get_login_data] Login encontrado para 18
[INFO] 2026-06-17 20:59:08,383 udid.utils.panaccess.subscriberinfo [get_login_data] Login encontrado para 00001
[INFO] 2026-06-17 20:59:08,386 udid.utils.panaccess.subscriberinfo [get_login_data] Login encontrado para 18
[INFO] 2026-06-17 20:59:08,390 udid.utils.panaccess.subscriberinfo [get_login_data] Login encontrado para 18
[INFO] 2026-06-17 20:59:08,393 udid.utils.panaccess.subscriberinfo [get_login_data] Login encontrado para 18
[INFO] 2026-06-17 20:59:08,397 udid.utils.panaccess.subscriberinfo [get_login_data] Login encontrado para 18
[INFO] 2026-06-17 20:59:08,401 udid.utils.panaccess.subscriberinfo [get_login_data] Login encontrado para 18
[INFO] 2026-06-17 20:59:08,404 udid.utils.panaccess.subscriberinfo [get_login_data] Login encontrado para 00073420U4
[INFO] 2026-06-17 20:59:08,408 udid.utils.panaccess.subscriberinfo [get_login_data] Login encontrado para 18
[INFO] 2026-06-17 20:59:08,411 udid.utils.panaccess.subscriberinfo [get_login_data] Login encontrado para 18
[INFO] 2026-06-17 20:59:08,414 udid.utils.panaccess.subscriberinfo [get_login_data] Login encontrado para 18
[INFO] 2026-06-17 20:59:08,418 udid.utils.panaccess.subscriberinfo [get_login_data] Login encontrado para 00073420U4
[INFO] 2026-06-17 20:59:08,421 udid.utils.panaccess.subscriberinfo [get_login_data] Login encontrado para 18
[INFO] 2026-06-17 20:59:08,424 udid.utils.panaccess.subscriberinfo [get_login_data] Login encontrado para 00073420U4
[INFO] 2026-06-17 20:59:08,428 udid.utils.panaccess.subscriberinfo [get_login_data] Login encontrado para 00001
[INFO] 2026-06-17 20:59:08,431 udid.utils.panaccess.subscriberinfo [get_login_data] Login encontrado para 18
[INFO] 2026-06-17 20:59:08,435 udid.utils.panaccess.subscriberinfo [get_login_data] Login encontrado para 18
[INFO] 2026-06-17 20:59:08,438 udid.utils.panaccess.subscriberinfo [get_login_data] Login encontrado para 00073420U5
[INFO] 2026-06-17 20:59:08,442 udid.utils.panaccess.subscriberinfo [get_login_data] Login encontrado para 18
[INFO] 2026-06-17 20:59:08,446 udid.utils.panaccess.subscriberinfo [get_login_data] Login encontrado para 18
[INFO] 2026-06-17 20:59:08,449 udid.utils.panaccess.subscriberinfo [get_login_data] Login encontrado para 00073420U5
[INFO] 2026-06-17 20:59:08,452 udid.utils.panaccess.subscriberinfo [get_login_data] Login encontrado para 18
[INFO] 2026-06-17 20:59:08,456 udid.utils.panaccess.subscriberinfo [get_login_data] Login encontrado para 18
[INFO] 2026-06-17 20:59:08,460 udid.utils.panaccess.subscriberinfo [get_login_data] Login encontrado para 18
[INFO] 2026-06-17 20:59:08,463 udid.utils.panaccess.subscriberinfo [get_login_data] Login encontrado para 18
[INFO] 2026-06-17 20:59:08,467 udid.utils.panaccess.subscriberinfo [get_login_data] Login encontrado para 18
[INFO] 2026-06-17 20:59:08,471 udid.utils.panaccess.subscriberinfo [get_login_data] Login encontrado para 18
[INFO] 2026-06-17 20:59:08,474 udid.utils.panaccess.subscriberinfo [get_login_data] Login encontrado para 18
[INFO] 2026-06-17 20:59:08,478 udid.utils.panaccess.subscriberinfo [get_login_data] Login encontrado para 18
[INFO] 2026-06-17 20:59:08,481 udid.utils.panaccess.subscriberinfo [get_login_data] Login encontrado para 18
[INFO] 2026-06-17 20:59:08,484 udid.utils.panaccess.subscriberinfo [get_login_data] Login encontrado para 18
[INFO] 2026-06-17 20:59:08,488 udid.utils.panaccess.subscriberinfo [get_login_data] Login encontrado para 18
[INFO] 2026-06-17 20:59:08,491 udid.utils.panaccess.subscriberinfo [get_login_data] Login encontrado para 00073420L12
[INFO] 2026-06-17 20:59:08,495 udid.utils.panaccess.subscriberinfo [get_login_data] Login encontrado para 00073420L11
[INFO] 2026-06-17 20:59:08,498 udid.utils.panaccess.subscriberinfo [get_login_data] Login encontrado para 511
[INFO] 2026-06-17 20:59:08,501 udid.utils.panaccess.subscriberinfo [get_login_data] Login encontrado para 18
[INFO] 2026-06-17 20:59:08,504 udid.utils.panaccess.subscriberinfo [get_login_data] Login encontrado para 18
[INFO] 2026-06-17 20:59:08,508 udid.utils.panaccess.subscriberinfo [get_login_data] Login encontrado para 00073420L12
[INFO] 2026-06-17 20:59:08,511 udid.utils.panaccess.subscriberinfo [get_login_data] Login encontrado para 00073420L11
[INFO] 2026-06-17 20:59:08,514 udid.utils.panaccess.subscriberinfo [get_login_data] Login encontrado para 18
[INFO] 2026-06-17 20:59:08,517 udid.utils.panaccess.subscriberinfo [get_login_data] Login encontrado para 00073420L11
[INFO] 2026-06-17 20:59:08,521 udid.utils.panaccess.subscriberinfo [get_login_data] Login encontrado para 18
[INFO] 2026-06-17 20:59:08,524 udid.utils.panaccess.subscriberinfo [get_login_data] Login encontrado para 18
[INFO] 2026-06-17 20:59:08,527 udid.utils.panaccess.subscriberinfo [get_login_data] Login encontrado para 00073420L11
[INFO] 2026-06-17 20:59:08,531 udid.utils.panaccess.subscriberinfo [get_login_data] Login encontrado para 00073420L12
[INFO] 2026-06-17 20:59:08,534 udid.utils.panaccess.subscriberinfo [get_login_data] Login encontrado para 18
[INFO] 2026-06-17 20:59:08,537 udid.utils.panaccess.subscriberinfo [get_login_data] Login encontrado para 00073420L11
[INFO] 2026-06-17 20:59:08,540 udid.utils.panaccess.subscriberinfo [get_login_data] Login encontrado para 00073420L11
[INFO] 2026-06-17 20:59:08,543 udid.utils.panaccess.subscriberinfo [get_login_data] Login encontrado para 00073420L11
[INFO] 2026-06-17 20:59:08,546 udid.utils.panaccess.subscriberinfo [get_login_data] Login encontrado para 00073420L11
[INFO] 2026-06-17 20:59:08,549 udid.utils.panaccess.subscriberinfo [get_login_data] Login encontrado para 18
[INFO] 2026-06-17 20:59:08,552 udid.utils.panaccess.subscriberinfo [get_login_data] Login encontrado para 18
[INFO] 2026-06-17 20:59:08,556 udid.utils.panaccess.subscriberinfo [get_login_data] Login encontrado para 18
[INFO] 2026-06-17 20:59:08,559 udid.utils.panaccess.subscriberinfo [get_login_data] Login encontrado para 5
[INFO] 2026-06-17 20:59:08,562 udid.utils.panaccess.subscriberinfo [get_login_data] Login encontrado para 18
[INFO] 2026-06-17 20:59:08,565 udid.utils.panaccess.subscriberinfo [get_login_data] Login encontrado para 00073420L13
[INFO] 2026-06-17 20:59:08,568 udid.utils.panaccess.subscriberinfo [get_login_data] Login encontrado para 18
[INFO] 2026-06-17 20:59:08,571 udid.utils.panaccess.subscriberinfo [get_login_data] Login encontrado para 00073420L13
[INFO] 2026-06-17 20:59:08,574 udid.utils.panaccess.subscriberinfo [get_login_data] Login encontrado para 5
[INFO] 2026-06-17 20:59:08,577 udid.utils.panaccess.subscriberinfo [get_login_data] Login encontrado para 00073420L13
[INFO] 2026-06-17 20:59:08,581 udid.utils.panaccess.subscriberinfo [get_login_data] Login encontrado para 18
[INFO] 2026-06-17 20:59:08,584 udid.utils.panaccess.subscriberinfo [get_login_data] Login encontrado para 18
[INFO] 2026-06-17 20:59:08,587 udid.utils.panaccess.subscriberinfo [get_login_data] Login encontrado para 00073420L13
[INFO] 2026-06-17 20:59:08,590 udid.utils.panaccess.subscriberinfo [get_login_data] Login encontrado para 18
[INFO] 2026-06-17 20:59:08,594 udid.utils.panaccess.subscriberinfo [get_login_data] Login encontrado para 5
[INFO] 2026-06-17 20:59:08,597 udid.utils.panaccess.subscriberinfo [get_login_data] Login encontrado para 5
[INFO] 2026-06-17 20:59:08,600 udid.utils.panaccess.subscriberinfo [get_login_data] Login encontrado para 18
[INFO] 2026-06-17 20:59:08,603 udid.utils.panaccess.subscriberinfo [get_login_data] Login encontrado para 18
[INFO] 2026-06-17 20:59:08,607 udid.utils.panaccess.subscriberinfo [get_login_data] Login encontrado para 18
[INFO] 2026-06-17 20:59:08,610 udid.utils.panaccess.subscriberinfo [get_login_data] Login encontrado para 511
[INFO] 2026-06-17 20:59:08,613 udid.utils.panaccess.subscriberinfo [get_login_data] Login encontrado para 511
[INFO] 2026-06-17 20:59:08,615 udid.utils.panaccess.subscriberinfo [get_login_data] Login encontrado para 511
[INFO] 2026-06-17 20:59:08,618 udid.utils.panaccess.subscriberinfo [get_login_data] Login encontrado para 511
[INFO] 2026-06-17 20:59:08,622 udid.utils.panaccess.subscriberinfo [get_login_data] Login encontrado para 511
[INFO] 2026-06-17 20:59:08,625 udid.utils.panaccess.subscriberinfo [get_login_data] Login encontrado para 18
[INFO] 2026-06-17 20:59:08,629 udid.utils.panaccess.subscriberinfo [get_login_data] Login encontrado para 18
[INFO] 2026-06-17 20:59:08,632 udid.utils.panaccess.subscriberinfo [get_login_data] Login encontrado para 511
[INFO] 2026-06-17 20:59:08,635 udid.utils.panaccess.subscriberinfo [get_login_data] Login encontrado para 511
[INFO] 2026-06-17 20:59:08,638 udid.utils.panaccess.subscriberinfo [get_login_data] Login encontrado para 18
[INFO] 2026-06-17 20:59:08,641 udid.utils.panaccess.subscriberinfo [get_login_data] Login encontrado para 511
[INFO] 2026-06-17 20:59:08,644 udid.utils.panaccess.subscriberinfo [get_login_data] Login encontrado para 511
[INFO] 2026-06-17 20:59:08,647 udid.utils.panaccess.subscriberinfo [get_login_data] Login encontrado para 511
[INFO] 2026-06-17 20:59:08,650 udid.utils.panaccess.subscriberinfo [get_login_data] Login encontrado para 511
[INFO] 2026-06-17 20:59:08,653 udid.utils.panaccess.subscriberinfo [get_login_data] Login encontrado para 511
[INFO] 2026-06-17 20:59:08,656 udid.utils.panaccess.subscriberinfo [get_login_data] Login encontrado para 511
[INFO] 2026-06-17 20:59:08,659 udid.utils.panaccess.subscriberinfo [get_login_data] Login encontrado para 511
[INFO] 2026-06-17 20:59:08,662 udid.utils.panaccess.subscriberinfo [get_login_data] Login encontrado para 514
[INFO] 2026-06-17 20:59:08,665 udid.utils.panaccess.subscriberinfo [get_login_data] Login encontrado para 509
[INFO] 2026-06-17 20:59:08,667 udid.utils.panaccess.subscriberinfo [get_login_data] Login encontrado para 509
[INFO] 2026-06-17 20:59:08,670 udid.utils.panaccess.subscriberinfo [get_login_data] Login encontrado para 511
[INFO] 2026-06-17 20:59:08,677 udid.utils.panaccess.subscriberinfo [get_login_data] Login encontrado para 13
[INFO] 2026-06-17 20:59:08,680 udid.utils.panaccess.subscriberinfo [get_login_data] Login encontrado para 524
[INFO] 2026-06-17 20:59:08,683 udid.utils.panaccess.subscriberinfo [get_login_data] Login encontrado para 512
[INFO] 2026-06-17 20:59:08,686 udid.utils.panaccess.subscriberinfo [get_login_data] Login encontrado para 509
[INFO] 2026-06-17 20:59:08,689 udid.utils.panaccess.subscriberinfo [get_login_data] Login encontrado para 514
[INFO] 2026-06-17 20:59:08,692 udid.utils.panaccess.subscriberinfo [get_login_data] Login encontrado para 512
[INFO] 2026-06-17 20:59:08,695 udid.utils.panaccess.subscriberinfo [get_login_data] Login encontrado para 511
[INFO] 2026-06-17 20:59:08,698 udid.utils.panaccess.subscriberinfo [get_login_data] Login encontrado para 509
[INFO] 2026-06-17 20:59:08,701 udid.utils.panaccess.subscriberinfo [get_login_data] Login encontrado para 509
[INFO] 2026-06-17 20:59:08,704 udid.utils.panaccess.subscriberinfo [get_login_data] Login encontrado para 509
[INFO] 2026-06-17 20:59:08,706 udid.utils.panaccess.subscriberinfo [get_login_data] Login encontrado para 13
[INFO] 2026-06-17 20:59:08,709 udid.utils.panaccess.subscriberinfo [get_login_data] Login encontrado para 514
[INFO] 2026-06-17 20:59:08,712 udid.utils.panaccess.subscriberinfo [get_login_data] Login encontrado para 512
[INFO] 2026-06-17 20:59:08,715 udid.utils.panaccess.subscriberinfo [get_login_data] Login encontrado para 511
[INFO] 2026-06-17 20:59:08,718 udid.utils.panaccess.subscriberinfo [get_login_data] Login encontrado para 511
[INFO] 2026-06-17 20:59:08,722 udid.utils.panaccess.subscriberinfo [get_login_data] Login encontrado para 13
[INFO] 2026-06-17 20:59:08,724 udid.utils.panaccess.subscriberinfo [get_login_data] Login encontrado para 509
[INFO] 2026-06-17 20:59:08,727 udid.utils.panaccess.subscriberinfo [get_login_data] Login encontrado para 516
[INFO] 2026-06-17 20:59:08,730 udid.utils.panaccess.subscriberinfo [get_login_data] Login encontrado para 512
[INFO] 2026-06-17 20:59:08,733 udid.utils.panaccess.subscriberinfo [get_login_data] Login encontrado para 13
[INFO] 2026-06-17 20:59:08,736 udid.utils.panaccess.subscriberinfo [get_login_data] Login encontrado para 515
[INFO] 2026-06-17 20:59:08,739 udid.utils.panaccess.subscriberinfo [get_login_data] Login encontrado para 515
[INFO] 2026-06-17 20:59:08,742 udid.utils.panaccess.subscriberinfo [get_login_data] Login encontrado para 509
[INFO] 2026-06-17 20:59:08,745 udid.utils.panaccess.subscriberinfo [get_login_data] Login encontrado para 517
[INFO] 2026-06-17 20:59:08,748 udid.utils.panaccess.subscriberinfo [get_login_data] Login encontrado para 519
[INFO] 2026-06-17 20:59:08,751 udid.utils.panaccess.subscriberinfo [get_login_data] Login encontrado para 517
[INFO] 2026-06-17 20:59:08,754 udid.utils.panaccess.subscriberinfo [get_login_data] Login encontrado para 517
[INFO] 2026-06-17 20:59:08,758 udid.utils.panaccess.subscriberinfo [get_login_data] Login encontrado para 517
[INFO] 2026-06-17 20:59:08,761 udid.utils.panaccess.subscriberinfo [get_login_data] Login encontrado para 518
[INFO] 2026-06-17 20:59:08,763 udid.utils.panaccess.subscriberinfo [get_login_data] Login encontrado para 519
[INFO] 2026-06-17 20:59:08,767 udid.utils.panaccess.subscriberinfo [get_login_data] Login encontrado para 517
[INFO] 2026-06-17 20:59:08,769 udid.utils.panaccess.subscriberinfo [get_login_data] Login encontrado para 520
[INFO] 2026-06-17 20:59:08,772 udid.utils.panaccess.subscriberinfo [get_login_data] Login encontrado para 517
[INFO] 2026-06-17 20:59:08,776 udid.utils.panaccess.subscriberinfo [get_login_data] Login encontrado para 518
[INFO] 2026-06-17 20:59:08,779 udid.utils.panaccess.subscriberinfo [get_login_data] Login encontrado para 517
[INFO] 2026-06-17 20:59:08,782 udid.utils.panaccess.subscriberinfo [get_login_data] Login encontrado para 516
[INFO] 2026-06-17 20:59:08,784 udid.utils.panaccess.subscriberinfo [get_login_data] Login encontrado para 517
[INFO] 2026-06-17 20:59:08,787 udid.utils.panaccess.subscriberinfo [get_login_data] Login encontrado para 517
[INFO] 2026-06-17 20:59:08,791 udid.utils.panaccess.subscriberinfo [get_login_data] Login encontrado para 516
[INFO] 2026-06-17 20:59:08,793 udid.utils.panaccess.subscriberinfo [get_login_data] Login encontrado para 519
[INFO] 2026-06-17 20:59:08,796 udid.utils.panaccess.subscriberinfo [get_login_data] Login encontrado para 517
[INFO] 2026-06-17 20:59:08,799 udid.utils.panaccess.subscriberinfo [get_login_data] Login encontrado para 517
[INFO] 2026-06-17 20:59:08,802 udid.utils.panaccess.subscriberinfo [get_login_data] Login encontrado para 518
[INFO] 2026-06-17 20:59:08,805 udid.utils.panaccess.subscriberinfo [get_login_data] Login encontrado para 519
[INFO] 2026-06-17 20:59:08,808 udid.utils.panaccess.subscriberinfo [get_login_data] Login encontrado para 516
[INFO] 2026-06-17 20:59:08,811 udid.utils.panaccess.subscriberinfo [get_login_data] Login encontrado para 520
[INFO] 2026-06-17 20:59:08,814 udid.utils.panaccess.subscriberinfo [get_login_data] Login encontrado para 509
[INFO] 2026-06-17 20:59:08,818 udid.utils.panaccess.subscriberinfo [get_login_data] Login encontrado para 18
[INFO] 2026-06-17 20:59:08,820 udid.utils.panaccess.subscriberinfo [get_login_data] Login encontrado para 509
[INFO] 2026-06-17 20:59:08,824 udid.utils.panaccess.subscriberinfo [get_login_data] Login encontrado para 18
[INFO] 2026-06-17 20:59:08,827 udid.utils.panaccess.subscriberinfo [get_login_data] Login encontrado para 18
[INFO] 2026-06-17 20:59:08,830 udid.utils.panaccess.subscriberinfo [get_login_data] Login encontrado para 18
[INFO] 2026-06-17 20:59:08,833 udid.utils.panaccess.subscriberinfo [get_login_data] Login encontrado para 509
[INFO] 2026-06-17 20:59:08,837 udid.utils.panaccess.subscriberinfo [get_login_data] Login encontrado para 18
[INFO] 2026-06-17 20:59:08,840 udid.utils.panaccess.subscriberinfo [get_login_data] Login encontrado para 522
[INFO] 2026-06-17 20:59:08,844 udid.utils.panaccess.subscriberinfo [get_login_data] Login encontrado para 18
[INFO] 2026-06-17 20:59:08,847 udid.utils.panaccess.subscriberinfo [get_login_data] Login encontrado para 520
[INFO] 2026-06-17 20:59:08,850 udid.utils.panaccess.subscriberinfo [get_login_data] Login encontrado para 18
[INFO] 2026-06-17 20:59:08,852 udid.utils.panaccess.subscriberinfo [get_login_data] Login encontrado para 522
[INFO] 2026-06-17 20:59:08,855 udid.utils.panaccess.subscriberinfo [get_login_data] Login encontrado para 521
[INFO] 2026-06-17 20:59:08,858 udid.utils.panaccess.subscriberinfo [get_login_data] Login encontrado para 18
[INFO] 2026-06-17 20:59:08,861 udid.utils.panaccess.subscriberinfo [get_login_data] Login encontrado para 509
[INFO] 2026-06-17 20:59:08,864 udid.utils.panaccess.subscriberinfo [get_login_data] Login encontrado para 521
[INFO] 2026-06-17 20:59:08,866 udid.utils.panaccess.subscriberinfo [get_login_data] Login encontrado para 520
[INFO] 2026-06-17 20:59:08,869 udid.utils.panaccess.subscriberinfo [get_login_data] Login encontrado para 521
[INFO] 2026-06-17 20:59:08,872 udid.utils.panaccess.subscriberinfo [get_login_data] Login encontrado para 522
[INFO] 2026-06-17 20:59:08,875 udid.utils.panaccess.subscriberinfo [get_login_data] Login encontrado para 18
[INFO] 2026-06-17 20:59:08,878 udid.utils.panaccess.subscriberinfo [get_login_data] Login encontrado para 18
[INFO] 2026-06-17 20:59:08,882 udid.utils.panaccess.subscriberinfo [get_login_data] Login encontrado para 18
[INFO] 2026-06-17 20:59:08,885 udid.utils.panaccess.subscriberinfo [get_login_data] Login encontrado para 18
[INFO] 2026-06-17 20:59:08,888 udid.utils.panaccess.subscriberinfo [get_login_data] Login encontrado para 18
[INFO] 2026-06-17 20:59:08,891 udid.utils.panaccess.subscriberinfo [get_login_data] Login encontrado para 523
[INFO] 2026-06-17 20:59:08,894 udid.utils.panaccess.subscriberinfo [get_login_data] Login encontrado para 523
[INFO] 2026-06-17 20:59:08,897 udid.utils.panaccess.subscriberinfo [get_login_data] Login encontrado para 18
[INFO] 2026-06-17 20:59:08,900 udid.utils.panaccess.subscriberinfo [get_login_data] Login encontrado para 523
[INFO] 2026-06-17 20:59:08,902 udid.utils.panaccess.subscriberinfo [get_login_data] Login encontrado para 523
[INFO] 2026-06-17 20:59:08,905 udid.utils.panaccess.subscriberinfo [get_login_data] Login encontrado para 18
[INFO] 2026-06-17 20:59:08,908 udid.utils.panaccess.subscriberinfo [get_login_data] Login encontrado para 524
[INFO] 2026-06-17 20:59:08,911 udid.utils.panaccess.subscriberinfo [get_login_data] Login encontrado para 18
[INFO] 2026-06-17 20:59:08,915 udid.utils.panaccess.subscriberinfo [get_login_data] Login encontrado para 18
[INFO] 2026-06-17 20:59:08,918 udid.utils.panaccess.subscriberinfo [get_login_data] Login encontrado para 18
[INFO] 2026-06-17 20:59:08,921 udid.utils.panaccess.subscriberinfo [get_login_data] Login encontrado para 18
[INFO] 2026-06-17 20:59:08,924 udid.utils.panaccess.subscriberinfo [get_login_data] Login encontrado para 18
[INFO] 2026-06-17 20:59:08,927 udid.utils.panaccess.subscriberinfo [get_login_data] Login encontrado para 18
[INFO] 2026-06-17 20:59:08,930 udid.utils.panaccess.subscriberinfo [get_login_data] Login encontrado para 18
[INFO] 2026-06-17 20:59:08,933 udid.utils.panaccess.subscriberinfo [get_login_data] Login encontrado para 524
[INFO] 2026-06-17 20:59:08,936 udid.utils.panaccess.subscriberinfo [get_login_data] Login encontrado para 18
[INFO] 2026-06-17 20:59:08,940 udid.utils.panaccess.subscriberinfo [get_login_data] Login encontrado para 18
[INFO] 2026-06-17 20:59:08,943 udid.utils.panaccess.subscriberinfo [get_login_data] Login encontrado para 18
[INFO] 2026-06-17 20:59:08,946 udid.utils.panaccess.subscriberinfo [get_login_data] Login encontrado para 524
[INFO] 2026-06-17 20:59:08,949 udid.utils.panaccess.subscriberinfo [get_login_data] Login encontrado para 18
[INFO] 2026-06-17 20:59:08,952 udid.utils.panaccess.subscriberinfo [get_login_data] Login encontrado para 524
[INFO] 2026-06-17 20:59:08,955 udid.utils.panaccess.subscriberinfo [get_login_data] Login encontrado para 18
[INFO] 2026-06-17 20:59:08,958 udid.utils.panaccess.subscriberinfo [get_login_data] Login encontrado para 18
[INFO] 2026-06-17 20:59:08,961 udid.utils.panaccess.subscriberinfo [get_login_data] Login encontrado para 18
[INFO] 2026-06-17 20:59:08,965 udid.utils.panaccess.subscriberinfo [get_login_data] Login encontrado para 18
[INFO] 2026-06-17 20:59:08,968 udid.utils.panaccess.subscriberinfo [get_login_data] Login encontrado para 18
[INFO] 2026-06-17 20:59:08,971 udid.utils.panaccess.subscriberinfo [get_login_data] Login encontrado para 18
[INFO] 2026-06-17 20:59:08,974 udid.utils.panaccess.subscriberinfo [get_login_data] Login encontrado para 18
[INFO] 2026-06-17 20:59:08,977 udid.utils.panaccess.subscriberinfo [get_login_data] Login encontrado para 18
[INFO] 2026-06-17 20:59:08,984 udid.utils.panaccess.subscriberinfo [get_login_data] Login encontrado para 18
[INFO] 2026-06-17 20:59:08,987 udid.utils.panaccess.subscriberinfo [get_login_data] Login encontrado para 18
[INFO] 2026-06-17 20:59:08,990 udid.utils.panaccess.subscriberinfo [get_login_data] Login encontrado para 18
[INFO] 2026-06-17 20:59:08,993 udid.utils.panaccess.subscriberinfo [get_login_data] Login encontrado para 18
[INFO] 2026-06-17 20:59:08,996 udid.utils.panaccess.subscriberinfo [get_login_data] Login encontrado para 18
[INFO] 2026-06-17 20:59:09,000 udid.utils.panaccess.subscriberinfo [get_login_data] Login encontrado para 18
[INFO] 2026-06-17 20:59:09,003 udid.utils.panaccess.subscriberinfo [get_login_data] Login encontrado para 18
[INFO] 2026-06-17 20:59:09,006 udid.utils.panaccess.subscriberinfo [get_login_data] Login encontrado para 18
[INFO] 2026-06-17 20:59:09,009 udid.utils.panaccess.subscriberinfo [get_login_data] Login encontrado para 18
[INFO] 2026-06-17 20:59:09,012 udid.utils.panaccess.subscriberinfo [get_login_data] Login encontrado para 18
[INFO] 2026-06-17 20:59:09,015 udid.utils.panaccess.subscriberinfo [get_login_data] Login encontrado para 18
[INFO] 2026-06-17 20:59:09,019 udid.utils.panaccess.subscriberinfo [get_login_data] Login encontrado para 18
[INFO] 2026-06-17 20:59:09,022 udid.utils.panaccess.subscriberinfo [get_login_data] Login encontrado para 18
[INFO] 2026-06-17 20:59:09,025 udid.utils.panaccess.subscriberinfo [get_login_data] Login encontrado para 18
[INFO] 2026-06-17 20:59:09,028 udid.utils.panaccess.subscriberinfo [get_login_data] Login encontrado para 18
[INFO] 2026-06-17 20:59:09,031 udid.utils.panaccess.subscriberinfo [get_login_data] Login encontrado para 18
[INFO] 2026-06-17 20:59:09,034 udid.utils.panaccess.subscriberinfo [get_login_data] Login encontrado para 18
[INFO] 2026-06-17 20:59:09,038 udid.utils.panaccess.subscriberinfo [get_login_data] Login encontrado para 18
[INFO] 2026-06-17 20:59:09,041 udid.utils.panaccess.subscriberinfo [get_login_data] Login encontrado para 18
[INFO] 2026-06-17 20:59:09,044 udid.utils.panaccess.subscriberinfo [get_login_data] Login encontrado para 18
[INFO] 2026-06-17 20:59:09,047 udid.utils.panaccess.subscriberinfo [get_login_data] Login encontrado para 18
[INFO] 2026-06-17 20:59:09,050 udid.utils.panaccess.subscriberinfo [get_login_data] Login encontrado para 18
[INFO] 2026-06-17 20:59:09,053 udid.utils.panaccess.subscriberinfo [get_login_data] Login encontrado para 18
[INFO] 2026-06-17 20:59:09,057 udid.utils.panaccess.subscriberinfo [get_login_data] Login encontrado para 18
[INFO] 2026-06-17 20:59:09,060 udid.utils.panaccess.subscriberinfo [get_login_data] Login encontrado para 18
[INFO] 2026-06-17 20:59:09,063 udid.utils.panaccess.subscriberinfo [get_login_data] Login encontrado para 18
[INFO] 2026-06-17 20:59:09,066 udid.utils.panaccess.subscriberinfo [get_login_data] Login encontrado para 18
[INFO] 2026-06-17 20:59:09,069 udid.utils.panaccess.subscriberinfo [get_login_data] Login encontrado para 18
[INFO] 2026-06-17 20:59:09,072 udid.utils.panaccess.subscriberinfo [get_login_data] Login encontrado para 18
[INFO] 2026-06-17 20:59:09,076 udid.utils.panaccess.subscriberinfo [get_login_data] Login encontrado para 18
[INFO] 2026-06-17 20:59:09,079 udid.utils.panaccess.subscriberinfo [get_login_data] Login encontrado para 18
[INFO] 2026-06-17 20:59:09,082 udid.utils.panaccess.subscriberinfo [get_login_data] Login encontrado para 18
[INFO] 2026-06-17 20:59:09,085 udid.utils.panaccess.subscriberinfo [get_login_data] Login encontrado para 18
[INFO] 2026-06-17 20:59:09,088 udid.utils.panaccess.subscriberinfo [get_login_data] Login encontrado para 18
[INFO] 2026-06-17 20:59:09,091 udid.utils.panaccess.subscriberinfo [get_login_data] Login encontrado para 18
[INFO] 2026-06-17 20:59:09,095 udid.utils.panaccess.subscriberinfo [get_login_data] Login encontrado para 18
[INFO] 2026-06-17 20:59:09,098 udid.utils.panaccess.subscriberinfo [get_login_data] Login encontrado para 18
[INFO] 2026-06-17 20:59:09,101 udid.utils.panaccess.subscriberinfo [get_login_data] Login encontrado para 18
[INFO] 2026-06-17 20:59:09,104 udid.utils.panaccess.subscriberinfo [get_login_data] Login encontrado para 18
[INFO] 2026-06-17 20:59:09,107 udid.utils.panaccess.subscriberinfo [get_login_data] Login encontrado para 18
[INFO] 2026-06-17 20:59:09,111 udid.utils.panaccess.subscriberinfo [get_login_data] Login encontrado para 18
[INFO] 2026-06-17 20:59:09,114 udid.utils.panaccess.subscriberinfo [get_login_data] Login encontrado para 18
[INFO] 2026-06-17 20:59:09,117 udid.utils.panaccess.subscriberinfo [get_login_data] Login encontrado para 18
[INFO] 2026-06-17 20:59:09,120 udid.utils.panaccess.subscriberinfo [get_login_data] Login encontrado para 18
[INFO] 2026-06-17 20:59:09,124 udid.utils.panaccess.subscriberinfo [get_login_data] Login encontrado para 18
[INFO] 2026-06-17 20:59:09,127 udid.utils.panaccess.subscriberinfo [get_login_data] Login encontrado para 18
[INFO] 2026-06-17 20:59:09,130 udid.utils.panaccess.subscriberinfo [get_login_data] Login encontrado para 18
[INFO] 2026-06-17 20:59:09,133 udid.utils.panaccess.subscriberinfo [get_login_data] Login encontrado para 18
[INFO] 2026-06-17 20:59:09,136 udid.utils.panaccess.subscriberinfo [get_login_data] Login encontrado para 18
[INFO] 2026-06-17 20:59:09,139 udid.utils.panaccess.subscriberinfo [get_login_data] Login encontrado para 18
[INFO] 2026-06-17 20:59:09,143 udid.utils.panaccess.subscriberinfo [get_login_data] Login encontrado para 18
[INFO] 2026-06-17 20:59:09,146 udid.utils.panaccess.subscriberinfo [get_login_data] Login encontrado para 18
[INFO] 2026-06-17 20:59:09,149 udid.utils.panaccess.subscriberinfo [get_login_data] Login encontrado para 18
[INFO] 2026-06-17 20:59:09,152 udid.utils.panaccess.subscriberinfo [get_login_data] Login encontrado para 18
[INFO] 2026-06-17 20:59:09,155 udid.utils.panaccess.subscriberinfo [get_login_data] Login encontrado para 18
[INFO] 2026-06-17 20:59:09,158 udid.utils.panaccess.subscriberinfo [get_login_data] Login encontrado para 18
[INFO] 2026-06-17 20:59:09,162 udid.utils.panaccess.subscriberinfo [get_login_data] Login encontrado para 18
[INFO] 2026-06-17 20:59:09,165 udid.utils.panaccess.subscriberinfo [get_login_data] Login encontrado para 18
[INFO] 2026-06-17 20:59:09,168 udid.utils.panaccess.subscriberinfo [get_login_data] Login encontrado para 18
[INFO] 2026-06-17 20:59:09,171 udid.utils.panaccess.subscriberinfo [get_login_data] Login encontrado para 18
[INFO] 2026-06-17 20:59:09,174 udid.utils.panaccess.subscriberinfo [get_login_data] Login encontrado para 18
[INFO] 2026-06-17 20:59:09,177 udid.utils.panaccess.subscriberinfo [get_login_data] Login encontrado para 18
[INFO] 2026-06-17 20:59:09,181 udid.utils.panaccess.subscriberinfo [get_login_data] Login encontrado para 18
[INFO] 2026-06-17 20:59:09,184 udid.utils.panaccess.subscriberinfo [get_login_data] Login encontrado para 18
[INFO] 2026-06-17 20:59:09,187 udid.utils.panaccess.subscriberinfo [get_login_data] Login encontrado para 18
[INFO] 2026-06-17 20:59:09,191 udid.utils.panaccess.subscriberinfo [get_login_data] Login encontrado para 18
[INFO] 2026-06-17 20:59:09,194 udid.utils.panaccess.subscriberinfo [get_login_data] Login encontrado para 18
[INFO] 2026-06-17 20:59:09,197 udid.utils.panaccess.subscriberinfo [get_login_data] Login encontrado para 18
[INFO] 2026-06-17 20:59:09,200 udid.utils.panaccess.subscriberinfo [get_login_data] Login encontrado para 18
[INFO] 2026-06-17 20:59:09,203 udid.utils.panaccess.subscriberinfo [get_login_data] Login encontrado para 18
[INFO] 2026-06-17 20:59:09,207 udid.utils.panaccess.subscriberinfo [get_login_data] Login encontrado para 18
[INFO] 2026-06-17 20:59:09,210 udid.utils.panaccess.subscriberinfo [get_login_data] Login encontrado para 18
[INFO] 2026-06-17 20:59:09,213 udid.utils.panaccess.subscriberinfo [get_login_data] Login encontrado para 18
[INFO] 2026-06-17 20:59:09,216 udid.utils.panaccess.subscriberinfo [get_login_data] Login encontrado para 18
[INFO] 2026-06-17 20:59:09,219 udid.utils.panaccess.subscriberinfo [get_login_data] Login encontrado para 18
[INFO] 2026-06-17 20:59:09,223 udid.utils.panaccess.subscriberinfo [get_login_data] Login encontrado para 18
[INFO] 2026-06-17 20:59:09,226 udid.utils.panaccess.subscriberinfo [get_login_data] Login encontrado para 18
[INFO] 2026-06-17 20:59:09,229 udid.utils.panaccess.subscriberinfo [get_login_data] Login encontrado para 18
[INFO] 2026-06-17 20:59:09,232 udid.utils.panaccess.subscriberinfo [get_login_data] Login encontrado para 18
[INFO] 2026-06-17 20:59:09,235 udid.utils.panaccess.subscriberinfo [get_login_data] Login encontrado para 18
[INFO] 2026-06-17 20:59:09,238 udid.utils.panaccess.subscriberinfo [get_login_data] Login encontrado para 18
[INFO] 2026-06-17 20:59:09,242 udid.utils.panaccess.subscriberinfo [get_login_data] Login encontrado para 18
[INFO] 2026-06-17 20:59:09,245 udid.utils.panaccess.subscriberinfo [get_login_data] Login encontrado para 18
[INFO] 2026-06-17 20:59:09,248 udid.utils.panaccess.subscriberinfo [get_login_data] Login encontrado para 18
[INFO] 2026-06-17 20:59:09,251 udid.utils.panaccess.subscriberinfo [get_login_data] Login encontrado para 18
[INFO] 2026-06-17 20:59:09,254 udid.utils.panaccess.subscriberinfo [get_login_data] Login encontrado para 18
[INFO] 2026-06-17 20:59:09,257 udid.utils.panaccess.subscriberinfo [get_login_data] Login encontrado para 18
[INFO] 2026-06-17 20:59:09,261 udid.utils.panaccess.subscriberinfo [get_login_data] Login encontrado para 18
[INFO] 2026-06-17 20:59:09,264 udid.utils.panaccess.subscriberinfo [get_login_data] Login encontrado para 18
[INFO] 2026-06-17 20:59:09,267 udid.utils.panaccess.subscriberinfo [get_login_data] Login encontrado para 18
[INFO] 2026-06-17 20:59:09,270 udid.utils.panaccess.subscriberinfo [get_login_data] Login encontrado para 18
[INFO] 2026-06-17 20:59:09,273 udid.utils.panaccess.subscriberinfo [get_login_data] Login encontrado para 18
[INFO] 2026-06-17 20:59:09,276 udid.utils.panaccess.subscriberinfo [get_login_data] Login encontrado para 18
[INFO] 2026-06-17 20:59:09,279 udid.utils.panaccess.subscriberinfo [get_login_data] Login encontrado para 18
[INFO] 2026-06-17 20:59:09,283 udid.utils.panaccess.subscriberinfo [get_login_data] Login encontrado para 18
[INFO] 2026-06-17 20:59:09,286 udid.utils.panaccess.subscriberinfo [get_login_data] Login encontrado para 18
[INFO] 2026-06-17 20:59:09,289 udid.utils.panaccess.subscriberinfo [get_login_data] Login encontrado para 18
[INFO] 2026-06-17 20:59:09,292 udid.utils.panaccess.subscriberinfo [get_login_data] Login encontrado para 18
[INFO] 2026-06-17 20:59:09,295 udid.utils.panaccess.subscriberinfo [get_login_data] Login encontrado para 18
[INFO] 2026-06-17 20:59:09,298 udid.utils.panaccess.subscriberinfo [get_login_data] Login encontrado para 18
[INFO] 2026-06-17 20:59:09,310 udid.utils.panaccess.subscriberinfo [get_login_data] Login encontrado para 18
[INFO] 2026-06-17 20:59:09,314 udid.utils.panaccess.subscriberinfo [get_login_data] Login encontrado para 18
[INFO] 2026-06-17 20:59:09,317 udid.utils.panaccess.subscriberinfo [get_login_data] Login encontrado para 18
[INFO] 2026-06-17 20:59:09,320 udid.utils.panaccess.subscriberinfo [get_login_data] Login encontrado para 18
[INFO] 2026-06-17 20:59:09,323 udid.utils.panaccess.subscriberinfo [get_login_data] Login encontrado para 18
[INFO] 2026-06-17 20:59:09,326 udid.utils.panaccess.subscriberinfo [get_login_data] Login encontrado para 18
[INFO] 2026-06-17 20:59:09,329 udid.utils.panaccess.subscriberinfo [get_login_data] Login encontrado para 18
[INFO] 2026-06-17 20:59:09,332 udid.utils.panaccess.subscriberinfo [get_login_data] Login encontrado para 18
[INFO] 2026-06-17 20:59:09,335 udid.utils.panaccess.subscriberinfo [get_login_data] Login encontrado para 18
[INFO] 2026-06-17 20:59:09,339 udid.utils.panaccess.subscriberinfo [get_login_data] Login encontrado para 18
[INFO] 2026-06-17 20:59:09,342 udid.utils.panaccess.subscriberinfo [get_login_data] Login encontrado para 18
[INFO] 2026-06-17 20:59:09,345 udid.utils.panaccess.subscriberinfo [get_login_data] Login encontrado para 18
[INFO] 2026-06-17 20:59:09,348 udid.utils.panaccess.subscriberinfo [get_login_data] Login encontrado para 18
[INFO] 2026-06-17 20:59:09,351 udid.utils.panaccess.subscriberinfo [get_login_data] Login encontrado para 18
[INFO] 2026-06-17 20:59:09,354 udid.utils.panaccess.subscriberinfo [get_login_data] Login encontrado para 526
[INFO] 2026-06-17 20:59:09,357 udid.utils.panaccess.subscriberinfo [get_login_data] Login encontrado para 18
[INFO] 2026-06-17 20:59:09,360 udid.utils.panaccess.subscriberinfo [get_login_data] Login encontrado para 18
[INFO] 2026-06-17 20:59:09,364 udid.utils.panaccess.subscriberinfo [get_login_data] Login encontrado para 18
[INFO] 2026-06-17 20:59:09,367 udid.utils.panaccess.subscriberinfo [get_login_data] Login encontrado para 526
[INFO] 2026-06-17 20:59:09,370 udid.utils.panaccess.subscriberinfo [get_login_data] Login encontrado para 18
[INFO] 2026-06-17 20:59:09,373 udid.utils.panaccess.subscriberinfo [get_login_data] Login encontrado para 18
[INFO] 2026-06-17 20:59:09,377 udid.utils.panaccess.subscriberinfo [get_login_data] Login encontrado para 18
[INFO] 2026-06-17 20:59:09,379 udid.utils.panaccess.subscriberinfo [get_login_data] Login encontrado para 526
[INFO] 2026-06-17 20:59:09,382 udid.utils.panaccess.subscriberinfo [get_login_data] Login encontrado para 526
[INFO] 2026-06-17 20:59:09,386 udid.utils.panaccess.subscriberinfo [get_login_data] Login encontrado para 18
[INFO] 2026-06-17 20:59:09,389 udid.utils.panaccess.subscriberinfo [get_login_data] Login encontrado para 18
[INFO] 2026-06-17 20:59:09,392 udid.utils.panaccess.subscriberinfo [get_login_data] Login encontrado para 18
[INFO] 2026-06-17 20:59:09,396 udid.utils.panaccess.subscriberinfo [get_login_data] Login encontrado para 18
[INFO] 2026-06-17 20:59:09,399 udid.utils.panaccess.subscriberinfo [get_login_data] Login encontrado para 18
[INFO] 2026-06-17 20:59:09,402 udid.utils.panaccess.subscriberinfo [get_login_data] Login encontrado para 527
[INFO] 2026-06-17 20:59:09,404 udid.utils.panaccess.subscriberinfo [get_login_data] Login encontrado para 527
[INFO] 2026-06-17 20:59:09,408 udid.utils.panaccess.subscriberinfo [get_login_data] Login encontrado para 18
[INFO] 2026-06-17 20:59:09,411 udid.utils.panaccess.subscriberinfo [get_login_data] Login encontrado para 18
[INFO] 2026-06-17 20:59:09,414 udid.utils.panaccess.subscriberinfo [get_login_data] Login encontrado para 18
[INFO] 2026-06-17 20:59:09,418 udid.utils.panaccess.subscriberinfo [get_login_data] Login encontrado para 18
[INFO] 2026-06-17 20:59:09,421 udid.utils.panaccess.subscriberinfo [get_login_data] Login encontrado para 527
[INFO] 2026-06-17 20:59:09,424 udid.utils.panaccess.subscriberinfo [get_login_data] Login encontrado para 18
[INFO] 2026-06-17 20:59:09,427 udid.utils.panaccess.subscriberinfo [get_login_data] Login encontrado para 18
[INFO] 2026-06-17 20:59:09,430 udid.utils.panaccess.subscriberinfo [get_login_data] Login encontrado para 527
[INFO] 2026-06-17 20:59:09,433 udid.utils.panaccess.subscriberinfo [get_login_data] Login encontrado para 18
[INFO] 2026-06-17 20:59:09,437 udid.utils.panaccess.subscriberinfo [get_login_data] Login encontrado para 18
[INFO] 2026-06-17 20:59:09,440 udid.utils.panaccess.subscriberinfo [get_login_data] Login encontrado para 18
[INFO] 2026-06-17 20:59:09,443 udid.utils.panaccess.subscriberinfo [get_login_data] Login encontrado para 18
[INFO] 2026-06-17 20:59:09,447 udid.utils.panaccess.subscriberinfo [get_login_data] Login encontrado para 18
[INFO] 2026-06-17 20:59:09,450 udid.utils.panaccess.subscriberinfo [get_login_data] Login encontrado para 18
[INFO] 2026-06-17 20:59:09,453 udid.utils.panaccess.subscriberinfo [get_login_data] Login encontrado para 18
[INFO] 2026-06-17 20:59:09,457 udid.utils.panaccess.subscriberinfo [get_login_data] Login encontrado para 18
[INFO] 2026-06-17 20:59:09,460 udid.utils.panaccess.subscriberinfo [get_login_data] Login encontrado para 18
[INFO] 2026-06-17 20:59:09,463 udid.utils.panaccess.subscriberinfo [get_login_data] Login encontrado para 18
[INFO] 2026-06-17 20:59:09,467 udid.utils.panaccess.subscriberinfo [get_login_data] Login encontrado para 18
[INFO] 2026-06-17 20:59:09,470 udid.utils.panaccess.subscriberinfo [get_login_data] Login encontrado para 18
[INFO] 2026-06-17 20:59:09,473 udid.utils.panaccess.subscriberinfo [get_login_data] Login encontrado para 18
[INFO] 2026-06-17 20:59:09,477 udid.utils.panaccess.subscriberinfo [get_login_data] Login encontrado para 18
[INFO] 2026-06-17 20:59:09,480 udid.utils.panaccess.subscriberinfo [get_login_data] Login encontrado para 18
[INFO] 2026-06-17 20:59:09,483 udid.utils.panaccess.subscriberinfo [get_login_data] Login encontrado para 18
[INFO] 2026-06-17 20:59:09,487 udid.utils.panaccess.subscriberinfo [get_login_data] Login encontrado para 18
[INFO] 2026-06-17 20:59:09,490 udid.utils.panaccess.subscriberinfo [get_login_data] Login encontrado para 18
[INFO] 2026-06-17 20:59:09,494 udid.utils.panaccess.subscriberinfo [get_login_data] Login encontrado para 18
[INFO] 2026-06-17 20:59:09,498 udid.utils.panaccess.subscriberinfo [get_login_data] Login encontrado para 18
[INFO] 2026-06-17 20:59:09,501 udid.utils.panaccess.subscriberinfo [get_login_data] Login encontrado para 18
[INFO] 2026-06-17 20:59:09,504 udid.utils.panaccess.subscriberinfo [get_login_data] Login encontrado para 18
[INFO] 2026-06-17 20:59:09,507 udid.utils.panaccess.subscriberinfo [get_login_data] Login encontrado para 18
[INFO] 2026-06-17 20:59:09,510 udid.utils.panaccess.subscriberinfo [get_login_data] Login encontrado para 18
[INFO] 2026-06-17 20:59:09,514 udid.utils.panaccess.subscriberinfo [get_login_data] Login encontrado para 18
[INFO] 2026-06-17 20:59:09,517 udid.utils.panaccess.subscriberinfo [get_login_data] Login encontrado para 18
[INFO] 2026-06-17 20:59:09,520 udid.utils.panaccess.subscriberinfo [get_login_data] Login encontrado para 18
[INFO] 2026-06-17 20:59:09,523 udid.utils.panaccess.subscriberinfo [get_login_data] Login encontrado para 18
[INFO] 2026-06-17 20:59:09,526 udid.utils.panaccess.subscriberinfo [get_login_data] Login encontrado para 18
[INFO] 2026-06-17 20:59:09,529 udid.utils.panaccess.subscriberinfo [get_login_data] Login encontrado para 18
[INFO] 2026-06-17 20:59:09,532 udid.utils.panaccess.subscriberinfo [get_login_data] Login encontrado para 18
[INFO] 2026-06-17 20:59:09,535 udid.utils.panaccess.subscriberinfo [get_login_data] Login encontrado para 18
[INFO] 2026-06-17 20:59:09,539 udid.utils.panaccess.subscriberinfo [get_login_data] Login encontrado para 18
[INFO] 2026-06-17 20:59:09,542 udid.utils.panaccess.subscriberinfo [get_login_data] Login encontrado para 18
[INFO] 2026-06-17 20:59:09,545 udid.utils.panaccess.subscriberinfo [get_login_data] Login encontrado para 18
[INFO] 2026-06-17 20:59:09,548 udid.utils.panaccess.subscriberinfo [get_login_data] Login encontrado para 18
[INFO] 2026-06-17 20:59:09,551 udid.utils.panaccess.subscriberinfo [get_login_data] Login encontrado para 18
[INFO] 2026-06-17 20:59:09,554 udid.utils.panaccess.subscriberinfo [get_login_data] Login encontrado para 18
[INFO] 2026-06-17 20:59:09,558 udid.utils.panaccess.subscriberinfo [get_login_data] Login encontrado para 18
[INFO] 2026-06-17 20:59:09,560 udid.utils.panaccess.subscriberinfo [get_login_data] Login encontrado para 531
[INFO] 2026-06-17 20:59:09,563 udid.utils.panaccess.subscriberinfo [get_login_data] Login encontrado para 18
[INFO] 2026-06-17 20:59:09,566 udid.utils.panaccess.subscriberinfo [get_login_data] Login encontrado para 529
[INFO] 2026-06-17 20:59:09,569 udid.utils.panaccess.subscriberinfo [get_login_data] Login encontrado para 530
[INFO] 2026-06-17 20:59:09,572 udid.utils.panaccess.subscriberinfo [get_login_data] Login encontrado para 18
[INFO] 2026-06-17 20:59:09,575 udid.utils.panaccess.subscriberinfo [get_login_data] Login encontrado para 18
[INFO] 2026-06-17 20:59:09,579 udid.utils.panaccess.subscriberinfo [get_login_data] Login encontrado para 18
[INFO] 2026-06-17 20:59:09,581 udid.utils.panaccess.subscriberinfo [get_login_data] Login encontrado para 528
[INFO] 2026-06-17 20:59:09,584 udid.utils.panaccess.subscriberinfo [get_login_data] Login encontrado para 18
[INFO] 2026-06-17 20:59:09,587 udid.utils.panaccess.subscriberinfo [get_login_data] Login encontrado para 531
[INFO] 2026-06-17 20:59:09,590 udid.utils.panaccess.subscriberinfo [get_login_data] Login encontrado para 18
[INFO] 2026-06-17 20:59:09,593 udid.utils.panaccess.subscriberinfo [get_login_data] Login encontrado para 530
[INFO] 2026-06-17 20:59:09,595 udid.utils.panaccess.subscriberinfo [get_login_data] Login encontrado para 531
[INFO] 2026-06-17 20:59:09,598 udid.utils.panaccess.subscriberinfo [get_login_data] Login encontrado para 530
[INFO] 2026-06-17 20:59:09,601 udid.utils.panaccess.subscriberinfo [get_login_data] Login encontrado para 531
[INFO] 2026-06-17 20:59:09,604 udid.utils.panaccess.subscriberinfo [get_login_data] Login encontrado para 18
[INFO] 2026-06-17 20:59:09,607 udid.utils.panaccess.subscriberinfo [get_login_data] Login encontrado para 530
[INFO] 2026-06-17 20:59:09,609 udid.utils.panaccess.subscriberinfo [get_login_data] Login encontrado para 528
[INFO] 2026-06-17 20:59:09,612 udid.utils.panaccess.subscriberinfo [get_login_data] Login encontrado para 528
[INFO] 2026-06-17 20:59:09,615 udid.utils.panaccess.subscriberinfo [get_login_data] Login encontrado para 528
[INFO] 2026-06-17 20:59:09,618 udid.utils.panaccess.subscriberinfo [get_login_data] Login encontrado para 18
[INFO] 2026-06-17 20:59:09,621 udid.utils.panaccess.subscriberinfo [get_login_data] Login encontrado para 18
[INFO] 2026-06-17 20:59:09,626 udid.utils.panaccess.subscriberinfo [get_login_data] Login encontrado para 18
[INFO] 2026-06-17 20:59:09,631 udid.utils.panaccess.subscriberinfo [get_login_data] Login encontrado para 18
[INFO] 2026-06-17 20:59:09,634 udid.utils.panaccess.subscriberinfo [get_login_data] Login encontrado para 18
[INFO] 2026-06-17 20:59:09,638 udid.utils.panaccess.subscriberinfo [get_login_data] Login encontrado para 18
[INFO] 2026-06-17 20:59:09,641 udid.utils.panaccess.subscriberinfo [get_login_data] Login encontrado para 18
[INFO] 2026-06-17 20:59:09,645 udid.utils.panaccess.subscriberinfo [get_login_data] Login encontrado para 18
[INFO] 2026-06-17 20:59:09,648 udid.utils.panaccess.subscriberinfo [get_login_data] Login encontrado para 18
[INFO] 2026-06-17 20:59:09,652 udid.utils.panaccess.subscriberinfo [get_login_data] Login encontrado para 18
[INFO] 2026-06-17 20:59:09,655 udid.utils.panaccess.subscriberinfo [get_login_data] Login encontrado para 18
[INFO] 2026-06-17 20:59:09,659 udid.utils.panaccess.subscriberinfo [get_login_data] Login encontrado para 18
[INFO] 2026-06-17 20:59:09,663 udid.utils.panaccess.subscriberinfo [get_login_data] Login encontrado para 18
[INFO] 2026-06-17 20:59:09,666 udid.utils.panaccess.subscriberinfo [get_login_data] Login encontrado para 18
[INFO] 2026-06-17 20:59:09,669 udid.utils.panaccess.subscriberinfo [get_login_data] Login encontrado para 18
[INFO] 2026-06-17 20:59:09,672 udid.utils.panaccess.subscriberinfo [get_login_data] Login encontrado para 18
[INFO] 2026-06-17 20:59:09,676 udid.utils.panaccess.subscriberinfo [get_login_data] Login encontrado para 18
[INFO] 2026-06-17 20:59:09,679 udid.utils.panaccess.subscriberinfo [get_login_data] Login encontrado para 18
[INFO] 2026-06-17 20:59:09,683 udid.utils.panaccess.subscriberinfo [get_login_data] Login encontrado para 18
[INFO] 2026-06-17 20:59:09,686 udid.utils.panaccess.subscriberinfo [get_login_data] Login encontrado para 18
[INFO] 2026-06-17 20:59:09,689 udid.utils.panaccess.subscriberinfo [get_login_data] Login encontrado para 18
[INFO] 2026-06-17 20:59:09,692 udid.utils.panaccess.subscriberinfo [get_login_data] Login encontrado para 18
[INFO] 2026-06-17 20:59:09,695 udid.utils.panaccess.subscriberinfo [get_login_data] Login encontrado para 18
[INFO] 2026-06-17 20:59:09,698 udid.utils.panaccess.subscriberinfo [get_login_data] Login encontrado para 18
[INFO] 2026-06-17 20:59:09,702 udid.utils.panaccess.subscriberinfo [get_login_data] Login encontrado para 18
[INFO] 2026-06-17 20:59:09,705 udid.utils.panaccess.subscriberinfo [get_login_data] Login encontrado para 18
[INFO] 2026-06-17 20:59:09,708 udid.utils.panaccess.subscriberinfo [get_login_data] Login encontrado para 18
[INFO] 2026-06-17 20:59:09,711 udid.utils.panaccess.subscriberinfo [get_login_data] Login encontrado para 18
[INFO] 2026-06-17 20:59:09,714 udid.utils.panaccess.subscriberinfo [get_login_data] Login encontrado para 18
[INFO] 2026-06-17 20:59:09,717 udid.utils.panaccess.subscriberinfo [get_login_data] Login encontrado para 18
[INFO] 2026-06-17 20:59:09,720 udid.utils.panaccess.subscriberinfo [get_login_data] Login encontrado para 18
[INFO] 2026-06-17 20:59:09,723 udid.utils.panaccess.subscriberinfo [get_login_data] Login encontrado para 18
[INFO] 2026-06-17 20:59:09,726 udid.utils.panaccess.subscriberinfo [get_login_data] Login encontrado para 18
[INFO] 2026-06-17 20:59:09,730 udid.utils.panaccess.subscriberinfo [get_login_data] Login encontrado para 18
[INFO] 2026-06-17 20:59:09,733 udid.utils.panaccess.subscriberinfo [get_login_data] Login encontrado para 18
[INFO] 2026-06-17 20:59:09,736 udid.utils.panaccess.subscriberinfo [get_login_data] Login encontrado para 18
[INFO] 2026-06-17 20:59:09,739 udid.utils.panaccess.subscriberinfo [get_login_data] Login encontrado para 18
[INFO] 2026-06-17 20:59:09,742 udid.utils.panaccess.subscriberinfo [get_login_data] Login encontrado para 18
[INFO] 2026-06-17 20:59:09,745 udid.utils.panaccess.subscriberinfo [get_login_data] Login encontrado para 18
[INFO] 2026-06-17 20:59:09,748 udid.utils.panaccess.subscriberinfo [get_login_data] Login encontrado para 18
[INFO] 2026-06-17 20:59:09,751 udid.utils.panaccess.subscriberinfo [get_login_data] Login encontrado para 18
[INFO] 2026-06-17 20:59:09,755 udid.utils.panaccess.subscriberinfo [get_login_data] Login encontrado para 18
[INFO] 2026-06-17 20:59:09,758 udid.utils.panaccess.subscriberinfo [get_login_data] Login encontrado para 18
[INFO] 2026-06-17 20:59:09,761 udid.utils.panaccess.subscriberinfo [get_login_data] Login encontrado para 18
[INFO] 2026-06-17 20:59:09,764 udid.utils.panaccess.subscriberinfo [get_login_data] Login encontrado para 18
[INFO] 2026-06-17 20:59:09,767 udid.utils.panaccess.subscriberinfo [get_login_data] Login encontrado para 18
[INFO] 2026-06-17 20:59:09,770 udid.utils.panaccess.subscriberinfo [get_login_data] Login encontrado para 18
[INFO] 2026-06-17 20:59:09,773 udid.utils.panaccess.subscriberinfo [get_login_data] Login encontrado para 18
[INFO] 2026-06-17 20:59:09,776 udid.utils.panaccess.subscriberinfo [get_login_data] Login encontrado para 18
[INFO] 2026-06-17 20:59:09,779 udid.utils.panaccess.subscriberinfo [get_login_data] Login encontrado para 18
[INFO] 2026-06-17 20:59:09,783 udid.utils.panaccess.subscriberinfo [get_login_data] Login encontrado para 18
[INFO] 2026-06-17 20:59:09,786 udid.utils.panaccess.subscriberinfo [get_login_data] Login encontrado para 18
[INFO] 2026-06-17 20:59:09,789 udid.utils.panaccess.subscriberinfo [get_login_data] Login encontrado para 18
[INFO] 2026-06-17 20:59:09,792 udid.utils.panaccess.subscriberinfo [get_login_data] Login encontrado para 18
[INFO] 2026-06-17 20:59:09,795 udid.utils.panaccess.subscriberinfo [get_login_data] Login encontrado para 18
[INFO] 2026-06-17 20:59:09,798 udid.utils.panaccess.subscriberinfo [get_login_data] Login encontrado para 18
[INFO] 2026-06-17 20:59:09,802 udid.utils.panaccess.subscriberinfo [get_login_data] Login encontrado para 18
[INFO] 2026-06-17 20:59:09,805 udid.utils.panaccess.subscriberinfo [get_login_data] Login encontrado para 18
[INFO] 2026-06-17 20:59:09,808 udid.utils.panaccess.subscriberinfo [get_login_data] Login encontrado para 18
[INFO] 2026-06-17 20:59:09,811 udid.utils.panaccess.subscriberinfo [get_login_data] Login encontrado para 18
[INFO] 2026-06-17 20:59:09,814 udid.utils.panaccess.subscriberinfo [get_login_data] Login encontrado para 18
[INFO] 2026-06-17 20:59:09,817 udid.utils.panaccess.subscriberinfo [get_login_data] Login encontrado para 18
[INFO] 2026-06-17 20:59:09,820 udid.utils.panaccess.subscriberinfo [get_login_data] Login encontrado para 18
[INFO] 2026-06-17 20:59:09,823 udid.utils.panaccess.subscriberinfo [get_login_data] Login encontrado para 18
[INFO] 2026-06-17 20:59:09,826 udid.utils.panaccess.subscriberinfo [get_login_data] Login encontrado para 18
[INFO] 2026-06-17 20:59:09,830 udid.utils.panaccess.subscriberinfo [get_login_data] Login encontrado para 18
[INFO] 2026-06-17 20:59:09,833 udid.utils.panaccess.subscriberinfo [get_login_data] Login encontrado para 18
[INFO] 2026-06-17 20:59:09,836 udid.utils.panaccess.subscriberinfo [get_login_data] Login encontrado para 18
[INFO] 2026-06-17 20:59:09,839 udid.utils.panaccess.subscriberinfo [get_login_data] Login encontrado para 18
[INFO] 2026-06-17 20:59:09,842 udid.utils.panaccess.subscriberinfo [get_login_data] Login encontrado para 18
[INFO] 2026-06-17 20:59:09,845 udid.utils.panaccess.subscriberinfo [get_login_data] Login encontrado para 18
[INFO] 2026-06-17 20:59:09,849 udid.utils.panaccess.subscriberinfo [get_login_data] Login encontrado para 18
[INFO] 2026-06-17 20:59:09,853 udid.utils.panaccess.subscriberinfo [get_login_data] Login encontrado para 18
[INFO] 2026-06-17 20:59:09,857 udid.utils.panaccess.subscriberinfo [get_login_data] Login encontrado para 18
[INFO] 2026-06-17 20:59:09,860 udid.utils.panaccess.subscriberinfo [get_login_data] Login encontrado para 18
[INFO] 2026-06-17 20:59:09,864 udid.utils.panaccess.subscriberinfo [get_login_data] Login encontrado para 18
[INFO] 2026-06-17 20:59:09,867 udid.utils.panaccess.subscriberinfo [get_login_data] Login encontrado para 18
[INFO] 2026-06-17 20:59:09,871 udid.utils.panaccess.subscriberinfo [get_login_data] Login encontrado para 18
[INFO] 2026-06-17 20:59:09,874 udid.utils.panaccess.subscriberinfo [get_login_data] Login encontrado para 18
[INFO] 2026-06-17 20:59:09,877 udid.utils.panaccess.subscriberinfo [get_login_data] Login encontrado para 18
[INFO] 2026-06-17 20:59:09,881 udid.utils.panaccess.subscriberinfo [get_login_data] Login encontrado para 18
[INFO] 2026-06-17 20:59:09,884 udid.utils.panaccess.subscriberinfo [get_login_data] Login encontrado para 18
[INFO] 2026-06-17 20:59:09,888 udid.utils.panaccess.subscriberinfo [get_login_data] Login encontrado para 18
[INFO] 2026-06-17 20:59:09,892 udid.utils.panaccess.subscriberinfo [get_login_data] Login encontrado para 18
[INFO] 2026-06-17 20:59:09,895 udid.utils.panaccess.subscriberinfo [get_login_data] Login encontrado para 18
[INFO] 2026-06-17 20:59:09,898 udid.utils.panaccess.subscriberinfo [get_login_data] Login encontrado para 18
[INFO] 2026-06-17 20:59:09,901 udid.utils.panaccess.subscriberinfo [get_login_data] Login encontrado para 18
[INFO] 2026-06-17 20:59:09,905 udid.utils.panaccess.subscriberinfo [get_login_data] Login encontrado para 18
[INFO] 2026-06-17 20:59:09,908 udid.utils.panaccess.subscriberinfo [get_login_data] Login encontrado para 18
[INFO] 2026-06-17 20:59:09,911 udid.utils.panaccess.subscriberinfo [get_login_data] Login encontrado para 18
[INFO] 2026-06-17 20:59:09,915 udid.utils.panaccess.subscriberinfo [get_login_data] Login encontrado para 18
[INFO] 2026-06-17 20:59:09,918 udid.utils.panaccess.subscriberinfo [get_login_data] Login encontrado para 18
[INFO] 2026-06-17 20:59:09,921 udid.utils.panaccess.subscriberinfo [get_login_data] Login encontrado para 18
[INFO] 2026-06-17 20:59:09,924 udid.utils.panaccess.subscriberinfo [get_login_data] Login encontrado para 18
[INFO] 2026-06-17 20:59:09,927 udid.utils.panaccess.subscriberinfo [get_login_data] Login encontrado para 18
[INFO] 2026-06-17 20:59:09,930 udid.utils.panaccess.subscriberinfo [get_login_data] Login encontrado para 18
[INFO] 2026-06-17 20:59:09,934 udid.utils.panaccess.subscriberinfo [get_login_data] Login encontrado para 18
[INFO] 2026-06-17 20:59:09,937 udid.utils.panaccess.subscriberinfo [get_login_data] Login encontrado para 18
[INFO] 2026-06-17 20:59:09,940 udid.utils.panaccess.subscriberinfo [get_login_data] Login encontrado para 18
[INFO] 2026-06-17 20:59:09,943 udid.utils.panaccess.subscriberinfo [get_login_data] Login encontrado para 18
[INFO] 2026-06-17 20:59:09,946 udid.utils.panaccess.subscriberinfo [get_login_data] Login encontrado para 18
[INFO] 2026-06-17 20:59:09,950 udid.utils.panaccess.subscriberinfo [get_login_data] Login encontrado para 18
[INFO] 2026-06-17 20:59:09,955 udid.utils.panaccess.subscriberinfo [get_login_data] Login encontrado para 18
[INFO] 2026-06-17 20:59:09,959 udid.utils.panaccess.subscriberinfo [get_login_data] Login encontrado para 18
[INFO] 2026-06-17 20:59:09,962 udid.utils.panaccess.subscriberinfo [get_login_data] Login encontrado para 18
[INFO] 2026-06-17 20:59:09,965 udid.utils.panaccess.subscriberinfo [get_login_data] Login encontrado para 18
[INFO] 2026-06-17 20:59:09,968 udid.utils.panaccess.subscriberinfo [get_login_data] Login encontrado para 18
[INFO] 2026-06-17 20:59:09,971 udid.utils.panaccess.subscriberinfo [get_login_data] Login encontrado para 18
[INFO] 2026-06-17 20:59:09,974 udid.utils.panaccess.subscriberinfo [get_login_data] Login encontrado para 18
[INFO] 2026-06-17 20:59:09,978 udid.utils.panaccess.subscriberinfo [get_login_data] Login encontrado para 18
[INFO] 2026-06-17 20:59:09,981 udid.utils.panaccess.subscriberinfo [get_login_data] Login encontrado para 18
[INFO] 2026-06-17 20:59:09,984 udid.utils.panaccess.subscriberinfo [get_login_data] Login encontrado para 18
[INFO] 2026-06-17 20:59:09,987 udid.utils.panaccess.subscriberinfo [get_login_data] Login encontrado para 18
[INFO] 2026-06-17 20:59:09,991 udid.utils.panaccess.subscriberinfo [get_login_data] Login encontrado para 18
[INFO] 2026-06-17 20:59:09,994 udid.utils.panaccess.subscriberinfo [get_login_data] Login encontrado para 18
[INFO] 2026-06-17 20:59:09,997 udid.utils.panaccess.subscriberinfo [get_login_data] Login encontrado para 18
[INFO] 2026-06-17 20:59:10,000 udid.utils.panaccess.subscriberinfo [get_login_data] Login encontrado para 18
[INFO] 2026-06-17 20:59:10,003 udid.utils.panaccess.subscriberinfo [get_login_data] Login encontrado para 18
[INFO] 2026-06-17 20:59:10,006 udid.utils.panaccess.subscriberinfo [get_login_data] Login encontrado para 18
[INFO] 2026-06-17 20:59:10,010 udid.utils.panaccess.subscriberinfo [get_login_data] Login encontrado para 18
[INFO] 2026-06-17 20:59:10,013 udid.utils.panaccess.subscriberinfo [get_login_data] Login encontrado para 18
[INFO] 2026-06-17 20:59:10,016 udid.utils.panaccess.subscriberinfo [get_login_data] Login encontrado para 18
[INFO] 2026-06-17 20:59:10,019 udid.utils.panaccess.subscriberinfo [get_login_data] Login encontrado para 18
[INFO] 2026-06-17 20:59:10,023 udid.utils.panaccess.subscriberinfo [get_login_data] Login encontrado para 18
[INFO] 2026-06-17 20:59:10,026 udid.utils.panaccess.subscriberinfo [get_login_data] Login encontrado para 18
[INFO] 2026-06-17 20:59:10,029 udid.utils.panaccess.subscriberinfo [get_login_data] Login encontrado para 18
[INFO] 2026-06-17 20:59:10,032 udid.utils.panaccess.subscriberinfo [get_login_data] Login encontrado para 18
[INFO] 2026-06-17 20:59:10,035 udid.utils.panaccess.subscriberinfo [get_login_data] Login encontrado para 18
[INFO] 2026-06-17 20:59:10,038 udid.utils.panaccess.subscriberinfo [get_login_data] Login encontrado para 524
[INFO] 2026-06-17 20:59:10,041 udid.utils.panaccess.subscriberinfo [get_login_data] Login encontrado para 18
[INFO] 2026-06-17 20:59:10,044 udid.utils.panaccess.subscriberinfo [get_login_data] Login encontrado para 18
[INFO] 2026-06-17 20:59:10,048 udid.utils.panaccess.subscriberinfo [get_login_data] Login encontrado para 18
[INFO] 2026-06-17 20:59:10,050 udid.utils.panaccess.subscriberinfo [get_login_data] Login encontrado para 524
[INFO] 2026-06-17 20:59:10,053 udid.utils.panaccess.subscriberinfo [get_login_data] Login encontrado para 524
[INFO] 2026-06-17 20:59:10,056 udid.utils.panaccess.subscriberinfo [get_login_data] Login encontrado para 18
[INFO] 2026-06-17 20:59:10,060 udid.utils.panaccess.subscriberinfo [get_login_data] Login encontrado para 18
[INFO] 2026-06-17 20:59:10,063 udid.utils.panaccess.subscriberinfo [get_login_data] Login encontrado para 18
[INFO] 2026-06-17 20:59:10,066 udid.utils.panaccess.subscriberinfo [get_login_data] Login encontrado para 18
[INFO] 2026-06-17 20:59:10,069 udid.utils.panaccess.subscriberinfo [get_login_data] Login encontrado para 529
[INFO] 2026-06-17 20:59:10,072 udid.utils.panaccess.subscriberinfo [get_login_data] Login encontrado para 529
[INFO] 2026-06-17 20:59:10,075 udid.utils.panaccess.subscriberinfo [get_login_data] Login encontrado para 529
[INFO] 2026-06-17 20:59:10,078 udid.utils.panaccess.subscriberinfo [get_login_data] Login encontrado para 529
[INFO] 2026-06-17 20:59:10,081 udid.utils.panaccess.subscriberinfo [get_login_data] Login encontrado para 529
[INFO] 2026-06-17 20:59:10,085 udid.utils.panaccess.subscriberinfo [get_login_data] Login encontrado para 529
[INFO] 2026-06-17 20:59:10,088 udid.utils.panaccess.subscriberinfo [get_login_data] Login encontrado para 529
[INFO] 2026-06-17 20:59:10,091 udid.utils.panaccess.subscriberinfo [get_login_data] Login encontrado para 529
[INFO] 2026-06-17 20:59:10,094 udid.utils.panaccess.subscriberinfo [get_login_data] Login encontrado para 529
[INFO] 2026-06-17 20:59:10,097 udid.utils.panaccess.subscriberinfo [get_login_data] Login encontrado para 529
[INFO] 2026-06-17 20:59:10,100 udid.utils.panaccess.subscriberinfo [get_login_data] Login encontrado para 529
[INFO] 2026-06-17 20:59:10,103 udid.utils.panaccess.subscriberinfo [get_login_data] Login encontrado para 529
[INFO] 2026-06-17 20:59:10,106 udid.utils.panaccess.subscriberinfo [get_login_data] Login encontrado para 529
[INFO] 2026-06-17 20:59:10,109 udid.utils.panaccess.subscriberinfo [get_login_data] Login encontrado para 529
[INFO] 2026-06-17 20:59:10,112 udid.utils.panaccess.subscriberinfo [get_login_data] Login encontrado para 529
[INFO] 2026-06-17 20:59:10,115 udid.utils.panaccess.subscriberinfo [get_login_data] Login encontrado para 529
[INFO] 2026-06-17 20:59:10,119 udid.utils.panaccess.subscriberinfo [get_login_data] Login encontrado para 529
[INFO] 2026-06-17 20:59:10,122 udid.utils.panaccess.subscriberinfo [get_login_data] Login encontrado para 529
[INFO] 2026-06-17 20:59:10,125 udid.utils.panaccess.subscriberinfo [get_login_data] Login encontrado para 529
[INFO] 2026-06-17 20:59:10,128 udid.utils.panaccess.subscriberinfo [get_login_data] Login encontrado para 529
[INFO] 2026-06-17 20:59:10,131 udid.utils.panaccess.subscriberinfo [get_login_data] Login encontrado para 529
[INFO] 2026-06-17 20:59:10,134 udid.utils.panaccess.subscriberinfo [get_login_data] Login encontrado para 529
[INFO] 2026-06-17 20:59:10,137 udid.utils.panaccess.subscriberinfo [get_login_data] Login encontrado para 529
[INFO] 2026-06-17 20:59:10,140 udid.utils.panaccess.subscriberinfo [get_login_data] Login encontrado para 529
[INFO] 2026-06-17 20:59:10,143 udid.utils.panaccess.subscriberinfo [get_login_data] Login encontrado para 529
[INFO] 2026-06-17 20:59:10,146 udid.utils.panaccess.subscriberinfo [get_login_data] Login encontrado para 529
[INFO] 2026-06-17 20:59:10,149 udid.utils.panaccess.subscriberinfo [get_login_data] Login encontrado para 529
[INFO] 2026-06-17 20:59:10,152 udid.utils.panaccess.subscriberinfo [get_login_data] Login encontrado para 529
[INFO] 2026-06-17 20:59:10,156 udid.utils.panaccess.subscriberinfo [get_login_data] Login encontrado para 529
[INFO] 2026-06-17 20:59:10,159 udid.utils.panaccess.subscriberinfo [get_login_data] Login encontrado para 529
[INFO] 2026-06-17 20:59:10,162 udid.utils.panaccess.subscriberinfo [get_login_data] Login encontrado para 529
[INFO] 2026-06-17 20:59:10,165 udid.utils.panaccess.subscriberinfo [get_login_data] Login encontrado para 529
[INFO] 2026-06-17 20:59:10,168 udid.utils.panaccess.subscriberinfo [get_login_data] Login encontrado para 529
[INFO] 2026-06-17 20:59:10,171 udid.utils.panaccess.subscriberinfo [get_login_data] Login encontrado para 529
[INFO] 2026-06-17 20:59:10,174 udid.utils.panaccess.subscriberinfo [get_login_data] Login encontrado para 529
[INFO] 2026-06-17 20:59:10,177 udid.utils.panaccess.subscriberinfo [get_login_data] Login encontrado para 529
[INFO] 2026-06-17 20:59:10,180 udid.utils.panaccess.subscriberinfo [get_login_data] Login encontrado para 529
[INFO] 2026-06-17 20:59:10,183 udid.utils.panaccess.subscriberinfo [get_login_data] Login encontrado para 529
[INFO] 2026-06-17 20:59:10,186 udid.utils.panaccess.subscriberinfo [get_login_data] Login encontrado para 529
[INFO] 2026-06-17 20:59:10,189 udid.utils.panaccess.subscriberinfo [get_login_data] Login encontrado para 529
[INFO] 2026-06-17 20:59:10,192 udid.utils.panaccess.subscriberinfo [get_login_data] Login encontrado para 529
[INFO] 2026-06-17 20:59:10,195 udid.utils.panaccess.subscriberinfo [get_login_data] Login encontrado para 529
[INFO] 2026-06-17 20:59:10,198 udid.utils.panaccess.subscriberinfo [get_login_data] Login encontrado para 529
[INFO] 2026-06-17 20:59:10,202 udid.utils.panaccess.subscriberinfo [get_login_data] Login encontrado para 529
[INFO] 2026-06-17 20:59:10,205 udid.utils.panaccess.subscriberinfo [get_login_data] Login encontrado para 529
[INFO] 2026-06-17 20:59:10,208 udid.utils.panaccess.subscriberinfo [get_login_data] Login encontrado para 529
[INFO] 2026-06-17 20:59:10,211 udid.utils.panaccess.subscriberinfo [get_login_data] Login encontrado para 529
[INFO] 2026-06-17 20:59:10,214 udid.utils.panaccess.subscriberinfo [get_login_data] Login encontrado para 529
[INFO] 2026-06-17 20:59:10,217 udid.utils.panaccess.subscriberinfo [get_login_data] Login encontrado para 529
[INFO] 2026-06-17 20:59:10,220 udid.utils.panaccess.subscriberinfo [get_login_data] Login encontrado para 529
[INFO] 2026-06-17 20:59:10,223 udid.utils.panaccess.subscriberinfo [get_login_data] Login encontrado para 529
[INFO] 2026-06-17 20:59:10,226 udid.utils.panaccess.subscriberinfo [get_login_data] Login encontrado para 529
[INFO] 2026-06-17 20:59:10,230 udid.utils.panaccess.subscriberinfo [get_login_data] Login encontrado para 529
[INFO] 2026-06-17 20:59:10,233 udid.utils.panaccess.subscriberinfo [get_login_data] Login encontrado para 529
[INFO] 2026-06-17 20:59:10,236 udid.utils.panaccess.subscriberinfo [get_login_data] Login encontrado para 529
[INFO] 2026-06-17 20:59:10,239 udid.utils.panaccess.subscriberinfo [get_login_data] Login encontrado para 529
[INFO] 2026-06-17 20:59:10,242 udid.utils.panaccess.subscriberinfo [get_login_data] Login encontrado para 529
[INFO] 2026-06-17 20:59:10,245 udid.utils.panaccess.subscriberinfo [get_login_data] Login encontrado para 529
[INFO] 2026-06-17 20:59:10,248 udid.utils.panaccess.subscriberinfo [get_login_data] Login encontrado para 529
[INFO] 2026-06-17 20:59:10,251 udid.utils.panaccess.subscriberinfo [get_login_data] Login encontrado para 529
[INFO] 2026-06-17 20:59:10,254 udid.utils.panaccess.subscriberinfo [get_login_data] Login encontrado para 529
[INFO] 2026-06-17 20:59:10,257 udid.utils.panaccess.subscriberinfo [get_login_data] Login encontrado para 529
[INFO] 2026-06-17 20:59:10,260 udid.utils.panaccess.subscriberinfo [get_login_data] Login encontrado para 529
[INFO] 2026-06-17 20:59:10,263 udid.utils.panaccess.subscriberinfo [get_login_data] Login encontrado para 529
[INFO] 2026-06-17 20:59:10,269 udid.utils.panaccess.subscriberinfo [get_login_data] Login encontrado para 529
[INFO] 2026-06-17 20:59:10,272 udid.utils.panaccess.subscriberinfo [get_login_data] Login encontrado para 529
[INFO] 2026-06-17 20:59:10,275 udid.utils.panaccess.subscriberinfo [get_login_data] Login encontrado para 529
[INFO] 2026-06-17 20:59:10,278 udid.utils.panaccess.subscriberinfo [get_login_data] Login encontrado para 529
[INFO] 2026-06-17 20:59:10,282 udid.utils.panaccess.subscriberinfo [get_login_data] Login encontrado para 529
[INFO] 2026-06-17 20:59:10,285 udid.utils.panaccess.subscriberinfo [get_login_data] Login encontrado para 529
[INFO] 2026-06-17 20:59:10,288 udid.utils.panaccess.subscriberinfo [get_login_data] Login encontrado para 529
[INFO] 2026-06-17 20:59:10,291 udid.utils.panaccess.subscriberinfo [get_login_data] Login encontrado para 529
[INFO] 2026-06-17 20:59:10,294 udid.utils.panaccess.subscriberinfo [get_login_data] Login encontrado para 529
[INFO] 2026-06-17 20:59:10,297 udid.utils.panaccess.subscriberinfo [get_login_data] Login encontrado para 529
[INFO] 2026-06-17 20:59:10,300 udid.utils.panaccess.subscriberinfo [get_login_data] Login encontrado para 529
[INFO] 2026-06-17 20:59:10,303 udid.utils.panaccess.subscriberinfo [get_login_data] Login encontrado para 529
[INFO] 2026-06-17 20:59:10,306 udid.utils.panaccess.subscriberinfo [get_login_data] Login encontrado para 529
[INFO] 2026-06-17 20:59:10,309 udid.utils.panaccess.subscriberinfo [get_login_data] Login encontrado para 529
[INFO] 2026-06-17 20:59:10,312 udid.utils.panaccess.subscriberinfo [get_login_data] Login encontrado para 529
[INFO] 2026-06-17 20:59:10,315 udid.utils.panaccess.subscriberinfo [get_login_data] Login encontrado para 529
[INFO] 2026-06-17 20:59:10,318 udid.utils.panaccess.subscriberinfo [get_login_data] Login encontrado para 529
[INFO] 2026-06-17 20:59:10,321 udid.utils.panaccess.subscriberinfo [get_login_data] Login encontrado para 529
[INFO] 2026-06-17 20:59:10,324 udid.utils.panaccess.subscriberinfo [get_login_data] Login encontrado para 529
[INFO] 2026-06-17 20:59:10,327 udid.utils.panaccess.subscriberinfo [get_login_data] Login encontrado para 529
[INFO] 2026-06-17 20:59:10,330 udid.utils.panaccess.subscriberinfo [get_login_data] Login encontrado para 529
[INFO] 2026-06-17 20:59:10,333 udid.utils.panaccess.subscriberinfo [get_login_data] Login encontrado para 529
[INFO] 2026-06-17 20:59:10,336 udid.utils.panaccess.subscriberinfo [get_login_data] Login encontrado para 529
[INFO] 2026-06-17 20:59:10,339 udid.utils.panaccess.subscriberinfo [get_login_data] Login encontrado para 529
[INFO] 2026-06-17 20:59:10,342 udid.utils.panaccess.subscriberinfo [get_login_data] Login encontrado para 529
[INFO] 2026-06-17 20:59:10,346 udid.utils.panaccess.subscriberinfo [get_login_data] Login encontrado para 529
[INFO] 2026-06-17 20:59:10,349 udid.utils.panaccess.subscriberinfo [get_login_data] Login encontrado para 529
[INFO] 2026-06-17 20:59:10,352 udid.utils.panaccess.subscriberinfo [get_login_data] Login encontrado para 529
[INFO] 2026-06-17 20:59:10,355 udid.utils.panaccess.subscriberinfo [get_login_data] Login encontrado para 529
[INFO] 2026-06-17 20:59:10,358 udid.utils.panaccess.subscriberinfo [get_login_data] Login encontrado para 529
[INFO] 2026-06-17 20:59:10,361 udid.utils.panaccess.subscriberinfo [get_login_data] Login encontrado para 529
[INFO] 2026-06-17 20:59:10,364 udid.utils.panaccess.subscriberinfo [get_login_data] Login encontrado para 529
[INFO] 2026-06-17 20:59:10,367 udid.utils.panaccess.subscriberinfo [get_login_data] Login encontrado para 529
[INFO] 2026-06-17 20:59:10,370 udid.utils.panaccess.subscriberinfo [get_login_data] Login encontrado para 529
[INFO] 2026-06-17 20:59:10,373 udid.utils.panaccess.subscriberinfo [get_login_data] Login encontrado para 529
[INFO] 2026-06-17 20:59:10,377 udid.utils.panaccess.subscriberinfo [get_login_data] Login encontrado para 529
[INFO] 2026-06-17 20:59:10,380 udid.utils.panaccess.subscriberinfo [get_login_data] Login encontrado para 529
[INFO] 2026-06-17 20:59:10,383 udid.utils.panaccess.subscriberinfo [get_login_data] Login encontrado para 529
[INFO] 2026-06-17 20:59:10,386 udid.utils.panaccess.subscriberinfo [get_login_data] Login encontrado para 529
[INFO] 2026-06-17 20:59:10,389 udid.utils.panaccess.subscriberinfo [get_login_data] Login encontrado para 529
[INFO] 2026-06-17 20:59:10,392 udid.utils.panaccess.subscriberinfo [get_login_data] Login encontrado para 529
[INFO] 2026-06-17 20:59:10,395 udid.utils.panaccess.subscriberinfo [get_login_data] Login encontrado para 529
[INFO] 2026-06-17 20:59:10,398 udid.utils.panaccess.subscriberinfo [get_login_data] Login encontrado para 529
[INFO] 2026-06-17 20:59:10,401 udid.utils.panaccess.subscriberinfo [get_login_data] Login encontrado para 529
[INFO] 2026-06-17 20:59:10,404 udid.utils.panaccess.subscriberinfo [get_login_data] Login encontrado para 529
[INFO] 2026-06-17 20:59:10,408 udid.utils.panaccess.subscriberinfo [get_login_data] Login encontrado para 529
[INFO] 2026-06-17 20:59:10,411 udid.utils.panaccess.subscriberinfo [get_login_data] Login encontrado para 529
[INFO] 2026-06-17 20:59:10,414 udid.utils.panaccess.subscriberinfo [get_login_data] Login encontrado para 529
[INFO] 2026-06-17 20:59:10,417 udid.utils.panaccess.subscriberinfo [get_login_data] Login encontrado para 529
[INFO] 2026-06-17 20:59:10,420 udid.utils.panaccess.subscriberinfo [get_login_data] Login encontrado para 529
[INFO] 2026-06-17 20:59:10,423 udid.utils.panaccess.subscriberinfo [get_login_data] Login encontrado para 529
[INFO] 2026-06-17 20:59:10,426 udid.utils.panaccess.subscriberinfo [get_login_data] Login encontrado para 529
[INFO] 2026-06-17 20:59:10,429 udid.utils.panaccess.subscriberinfo [get_login_data] Login encontrado para 529
[INFO] 2026-06-17 20:59:10,432 udid.utils.panaccess.subscriberinfo [get_login_data] Login encontrado para 529
[INFO] 2026-06-17 20:59:10,435 udid.utils.panaccess.subscriberinfo [get_login_data] Login encontrado para 529
[INFO] 2026-06-17 20:59:10,438 udid.utils.panaccess.subscriberinfo [get_login_data] Login encontrado para 529
[INFO] 2026-06-17 20:59:10,441 udid.utils.panaccess.subscriberinfo [get_login_data] Login encontrado para 529
[INFO] 2026-06-17 20:59:10,444 udid.utils.panaccess.subscriberinfo [get_login_data] Login encontrado para 529
[INFO] 2026-06-17 20:59:10,447 udid.utils.panaccess.subscriberinfo [get_login_data] Login encontrado para 529
[INFO] 2026-06-17 20:59:10,450 udid.utils.panaccess.subscriberinfo [get_login_data] Login encontrado para 529
[INFO] 2026-06-17 20:59:10,454 udid.utils.panaccess.subscriberinfo [get_login_data] Login encontrado para 529
[INFO] 2026-06-17 20:59:10,457 udid.utils.panaccess.subscriberinfo [get_login_data] Login encontrado para 529
[INFO] 2026-06-17 20:59:10,460 udid.utils.panaccess.subscriberinfo [get_login_data] Login encontrado para 529
[INFO] 2026-06-17 20:59:10,463 udid.utils.panaccess.subscriberinfo [get_login_data] Login encontrado para 529
[INFO] 2026-06-17 20:59:10,466 udid.utils.panaccess.subscriberinfo [get_login_data] Login encontrado para 529
[INFO] 2026-06-17 20:59:10,469 udid.utils.panaccess.subscriberinfo [get_login_data] Login encontrado para 529
[INFO] 2026-06-17 20:59:10,472 udid.utils.panaccess.subscriberinfo [get_login_data] Login encontrado para 529
[INFO] 2026-06-17 20:59:10,475 udid.utils.panaccess.subscriberinfo [get_login_data] Login encontrado para 529
[INFO] 2026-06-17 20:59:10,478 udid.utils.panaccess.subscriberinfo [get_login_data] Login encontrado para 529
[INFO] 2026-06-17 20:59:10,481 udid.utils.panaccess.subscriberinfo [get_login_data] Login encontrado para 529
[INFO] 2026-06-17 20:59:10,484 udid.utils.panaccess.subscriberinfo [get_login_data] Login encontrado para 529
[INFO] 2026-06-17 20:59:10,487 udid.utils.panaccess.subscriberinfo [get_login_data] Login encontrado para 529
[INFO] 2026-06-17 20:59:10,490 udid.utils.panaccess.subscriberinfo [get_login_data] Login encontrado para 529
[INFO] 2026-06-17 20:59:10,493 udid.utils.panaccess.subscriberinfo [get_login_data] Login encontrado para 529
[INFO] 2026-06-17 20:59:10,497 udid.utils.panaccess.subscriberinfo [get_login_data] Login encontrado para 529
[INFO] 2026-06-17 20:59:10,500 udid.utils.panaccess.subscriberinfo [get_login_data] Login encontrado para 529
[INFO] 2026-06-17 20:59:10,503 udid.utils.panaccess.subscriberinfo [get_login_data] Login encontrado para 529
[INFO] 2026-06-17 20:59:10,506 udid.utils.panaccess.subscriberinfo [get_login_data] Login encontrado para 529
[INFO] 2026-06-17 20:59:10,509 udid.utils.panaccess.subscriberinfo [get_login_data] Login encontrado para 529
[INFO] 2026-06-17 20:59:10,512 udid.utils.panaccess.subscriberinfo [get_login_data] Login encontrado para 529
[INFO] 2026-06-17 20:59:10,515 udid.utils.panaccess.subscriberinfo [get_login_data] Login encontrado para 529
[INFO] 2026-06-17 20:59:10,518 udid.utils.panaccess.subscriberinfo [get_login_data] Login encontrado para 529
[INFO] 2026-06-17 20:59:10,521 udid.utils.panaccess.subscriberinfo [get_login_data] Login encontrado para 529
[INFO] 2026-06-17 20:59:10,524 udid.utils.panaccess.subscriberinfo [get_login_data] Login encontrado para 529
[INFO] 2026-06-17 20:59:10,528 udid.utils.panaccess.subscriberinfo [get_login_data] Login encontrado para 529
[INFO] 2026-06-17 20:59:10,531 udid.utils.panaccess.subscriberinfo [get_login_data] Login encontrado para 529
[INFO] 2026-06-17 20:59:10,534 udid.utils.panaccess.subscriberinfo [get_login_data] Login encontrado para 529
[INFO] 2026-06-17 20:59:10,537 udid.utils.panaccess.subscriberinfo [get_login_data] Login encontrado para 529
[INFO] 2026-06-17 20:59:10,540 udid.utils.panaccess.subscriberinfo [get_login_data] Login encontrado para 529
[INFO] 2026-06-17 20:59:10,543 udid.utils.panaccess.subscriberinfo [get_login_data] Login encontrado para 529
[INFO] 2026-06-17 20:59:10,546 udid.utils.panaccess.subscriberinfo [get_login_data] Login encontrado para 529
[INFO] 2026-06-17 20:59:10,549 udid.utils.panaccess.subscriberinfo [get_login_data] Login encontrado para 529
[INFO] 2026-06-17 20:59:10,552 udid.utils.panaccess.subscriberinfo [get_login_data] Login encontrado para 529
[INFO] 2026-06-17 20:59:10,555 udid.utils.panaccess.subscriberinfo [get_login_data] Login encontrado para 529
[INFO] 2026-06-17 20:59:10,558 udid.utils.panaccess.subscriberinfo [get_login_data] Login encontrado para 529
[INFO] 2026-06-17 20:59:10,561 udid.utils.panaccess.subscriberinfo [get_login_data] Login encontrado para 529
[INFO] 2026-06-17 20:59:10,564 udid.utils.panaccess.subscriberinfo [get_login_data] Login encontrado para 529
[INFO] 2026-06-17 20:59:10,567 udid.utils.panaccess.subscriberinfo [get_login_data] Login encontrado para 529
[INFO] 2026-06-17 20:59:10,570 udid.utils.panaccess.subscriberinfo [get_login_data] Login encontrado para 529
[INFO] 2026-06-17 20:59:10,573 udid.utils.panaccess.subscriberinfo [get_login_data] Login encontrado para 529
[INFO] 2026-06-17 20:59:10,579 udid.utils.panaccess.subscriberinfo [get_login_data] Login encontrado para 529
[INFO] 2026-06-17 20:59:10,582 udid.utils.panaccess.subscriberinfo [get_login_data] Login encontrado para 529
[INFO] 2026-06-17 20:59:10,585 udid.utils.panaccess.subscriberinfo [get_login_data] Login encontrado para 529
[INFO] 2026-06-17 20:59:10,588 udid.utils.panaccess.subscriberinfo [get_login_data] Login encontrado para 529
[INFO] 2026-06-17 20:59:10,591 udid.utils.panaccess.subscriberinfo [get_login_data] Login encontrado para 529
[INFO] 2026-06-17 20:59:10,594 udid.utils.panaccess.subscriberinfo [get_login_data] Login encontrado para 529
[INFO] 2026-06-17 20:59:10,597 udid.utils.panaccess.subscriberinfo [get_login_data] Login encontrado para 529
[INFO] 2026-06-17 20:59:10,601 udid.utils.panaccess.subscriberinfo [get_login_data] Login encontrado para 529
[INFO] 2026-06-17 20:59:10,604 udid.utils.panaccess.subscriberinfo [get_login_data] Login encontrado para 529
[INFO] 2026-06-17 20:59:10,607 udid.utils.panaccess.subscriberinfo [get_login_data] Login encontrado para 529
[INFO] 2026-06-17 20:59:10,610 udid.utils.panaccess.subscriberinfo [get_login_data] Login encontrado para 529
[INFO] 2026-06-17 20:59:10,613 udid.utils.panaccess.subscriberinfo [get_login_data] Login encontrado para 529
[INFO] 2026-06-17 20:59:10,616 udid.utils.panaccess.subscriberinfo [get_login_data] Login encontrado para 529
[INFO] 2026-06-17 20:59:10,619 udid.utils.panaccess.subscriberinfo [get_login_data] Login encontrado para 529
[INFO] 2026-06-17 20:59:10,622 udid.utils.panaccess.subscriberinfo [get_login_data] Login encontrado para 529
[INFO] 2026-06-17 20:59:10,625 udid.utils.panaccess.subscriberinfo [get_login_data] Login encontrado para 529
[INFO] 2026-06-17 20:59:10,628 udid.utils.panaccess.subscriberinfo [get_login_data] Login encontrado para 529
[INFO] 2026-06-17 20:59:10,631 udid.utils.panaccess.subscriberinfo [get_login_data] Login encontrado para 529
[INFO] 2026-06-17 20:59:10,635 udid.utils.panaccess.subscriberinfo [get_login_data] Login encontrado para 529
[INFO] 2026-06-17 20:59:10,638 udid.utils.panaccess.subscriberinfo [get_login_data] Login encontrado para 529
[INFO] 2026-06-17 20:59:10,641 udid.utils.panaccess.subscriberinfo [get_login_data] Login encontrado para 529
[INFO] 2026-06-17 20:59:10,645 udid.utils.panaccess.subscriberinfo [get_login_data] Login encontrado para 529
[INFO] 2026-06-17 20:59:10,648 udid.utils.panaccess.subscriberinfo [get_login_data] Login encontrado para 529
[INFO] 2026-06-17 20:59:10,652 udid.utils.panaccess.subscriberinfo [get_login_data] Login encontrado para 529
[INFO] 2026-06-17 20:59:10,655 udid.utils.panaccess.subscriberinfo [get_login_data] Login encontrado para 529
[INFO] 2026-06-17 20:59:10,658 udid.utils.panaccess.subscriberinfo [get_login_data] Login encontrado para 529
[INFO] 2026-06-17 20:59:10,662 udid.utils.panaccess.subscriberinfo [get_login_data] Login encontrado para 529
[INFO] 2026-06-17 20:59:10,665 udid.utils.panaccess.subscriberinfo [get_login_data] Login encontrado para 529
[INFO] 2026-06-17 20:59:10,669 udid.utils.panaccess.subscriberinfo [get_login_data] Login encontrado para 529
[INFO] 2026-06-17 20:59:10,672 udid.utils.panaccess.subscriberinfo [get_login_data] Login encontrado para 529
[INFO] 2026-06-17 20:59:10,676 udid.utils.panaccess.subscriberinfo [get_login_data] Login encontrado para 529
[INFO] 2026-06-17 20:59:10,679 udid.utils.panaccess.subscriberinfo [get_login_data] Login encontrado para 529
[INFO] 2026-06-17 20:59:10,683 udid.utils.panaccess.subscriberinfo [get_login_data] Login encontrado para 529
[INFO] 2026-06-17 20:59:10,687 udid.utils.panaccess.subscriberinfo [get_login_data] Login encontrado para 529
[INFO] 2026-06-17 20:59:10,690 udid.utils.panaccess.subscriberinfo [get_login_data] Login encontrado para 529
[INFO] 2026-06-17 20:59:10,694 udid.utils.panaccess.subscriberinfo [get_login_data] Login encontrado para 529
[INFO] 2026-06-17 20:59:10,697 udid.utils.panaccess.subscriberinfo [get_login_data] Login encontrado para 529
[INFO] 2026-06-17 20:59:10,700 udid.utils.panaccess.subscriberinfo [get_login_data] Login encontrado para 529
[INFO] 2026-06-17 20:59:10,703 udid.utils.panaccess.subscriberinfo [get_login_data] Login encontrado para 529
[INFO] 2026-06-17 20:59:10,706 udid.utils.panaccess.subscriberinfo [get_login_data] Login encontrado para 529
[INFO] 2026-06-17 20:59:10,709 udid.utils.panaccess.subscriberinfo [get_login_data] Login encontrado para 529
[INFO] 2026-06-17 20:59:10,713 udid.utils.panaccess.subscriberinfo [get_login_data] Login encontrado para 529
[INFO] 2026-06-17 20:59:10,716 udid.utils.panaccess.subscriberinfo [get_login_data] Login encontrado para 529
[INFO] 2026-06-17 20:59:10,720 udid.utils.panaccess.subscriberinfo [get_login_data] Login encontrado para 529
[INFO] 2026-06-17 20:59:10,723 udid.utils.panaccess.subscriberinfo [get_login_data] Login encontrado para 529
[INFO] 2026-06-17 20:59:10,726 udid.utils.panaccess.subscriberinfo [get_login_data] Login encontrado para 529
[INFO] 2026-06-17 20:59:10,729 udid.utils.panaccess.subscriberinfo [get_login_data] Login encontrado para 529
[INFO] 2026-06-17 20:59:10,733 udid.utils.panaccess.subscriberinfo [get_login_data] Login encontrado para 529
[INFO] 2026-06-17 20:59:10,736 udid.utils.panaccess.subscriberinfo [get_login_data] Login encontrado para 529
[INFO] 2026-06-17 20:59:10,740 udid.utils.panaccess.subscriberinfo [get_login_data] Login encontrado para 529
[INFO] 2026-06-17 20:59:10,743 udid.utils.panaccess.subscriberinfo [get_login_data] Login encontrado para 529
[INFO] 2026-06-17 20:59:10,746 udid.utils.panaccess.subscriberinfo [get_login_data] Login encontrado para 529
[INFO] 2026-06-17 20:59:10,750 udid.utils.panaccess.subscriberinfo [get_login_data] Login encontrado para 529
[INFO] 2026-06-17 20:59:10,753 udid.utils.panaccess.subscriberinfo [get_login_data] Login encontrado para 529
[INFO] 2026-06-17 20:59:10,756 udid.utils.panaccess.subscriberinfo [get_login_data] Login encontrado para 529
[INFO] 2026-06-17 20:59:10,760 udid.utils.panaccess.subscriberinfo [get_login_data] Login encontrado para 529
[INFO] 2026-06-17 20:59:10,763 udid.utils.panaccess.subscriberinfo [get_login_data] Login encontrado para 529
[INFO] 2026-06-17 20:59:10,766 udid.utils.panaccess.subscriberinfo [get_login_data] Login encontrado para 529
[INFO] 2026-06-17 20:59:10,770 udid.utils.panaccess.subscriberinfo [get_login_data] Login encontrado para 529
[INFO] 2026-06-17 20:59:10,773 udid.utils.panaccess.subscriberinfo [get_login_data] Login encontrado para 529
[INFO] 2026-06-17 20:59:10,777 udid.utils.panaccess.subscriberinfo [get_login_data] Login encontrado para 529
[INFO] 2026-06-17 20:59:10,780 udid.utils.panaccess.subscriberinfo [get_login_data] Login encontrado para 529
[INFO] 2026-06-17 20:59:10,783 udid.utils.panaccess.subscriberinfo [get_login_data] Login encontrado para 18
[INFO] 2026-06-17 20:59:10,787 udid.utils.panaccess.subscriberinfo [get_login_data] Login encontrado para 529
[INFO] 2026-06-17 20:59:10,790 udid.utils.panaccess.subscriberinfo [get_login_data] Login encontrado para 18
[INFO] 2026-06-17 20:59:10,793 udid.utils.panaccess.subscriberinfo [get_login_data] Login encontrado para 529
[INFO] 2026-06-17 20:59:10,797 udid.utils.panaccess.subscriberinfo [get_login_data] Login encontrado para 529
[INFO] 2026-06-17 20:59:10,800 udid.utils.panaccess.subscriberinfo [get_login_data] Login encontrado para 529
[INFO] 2026-06-17 20:59:10,803 udid.utils.panaccess.subscriberinfo [get_login_data] Login encontrado para 529
[INFO] 2026-06-17 20:59:10,807 udid.utils.panaccess.subscriberinfo [get_login_data] Login encontrado para 529
[INFO] 2026-06-17 20:59:10,810 udid.utils.panaccess.subscriberinfo [get_login_data] Login encontrado para 529
[INFO] 2026-06-17 20:59:10,813 udid.utils.panaccess.subscriberinfo [get_login_data] Login encontrado para 529
[INFO] 2026-06-17 20:59:10,817 udid.utils.panaccess.subscriberinfo [get_login_data] Login encontrado para 529
[INFO] 2026-06-17 20:59:10,821 udid.utils.panaccess.subscriberinfo [get_login_data] Login encontrado para 18
[INFO] 2026-06-17 20:59:10,824 udid.utils.panaccess.subscriberinfo [get_login_data] Login encontrado para 529
[INFO] 2026-06-17 20:59:10,828 udid.utils.panaccess.subscriberinfo [get_login_data] Login encontrado para 18
[INFO] 2026-06-17 20:59:10,832 udid.utils.panaccess.subscriberinfo [get_login_data] Login encontrado para 18
[INFO] 2026-06-17 20:59:10,835 udid.utils.panaccess.subscriberinfo [get_login_data] Login encontrado para 18
[INFO] 2026-06-17 20:59:10,838 udid.utils.panaccess.subscriberinfo [get_login_data] Login encontrado para 18
[INFO] 2026-06-17 20:59:10,842 udid.utils.panaccess.subscriberinfo [get_login_data] Login encontrado para 18
[INFO] 2026-06-17 20:59:10,846 udid.utils.panaccess.subscriberinfo [get_login_data] Login encontrado para 18
[INFO] 2026-06-17 20:59:10,849 udid.utils.panaccess.subscriberinfo [get_login_data] Login encontrado para 18
[INFO] 2026-06-17 20:59:10,852 udid.utils.panaccess.subscriberinfo [get_login_data] Login encontrado para 18
[INFO] 2026-06-17 20:59:10,856 udid.utils.panaccess.subscriberinfo [get_login_data] Login encontrado para 18
[INFO] 2026-06-17 20:59:10,859 udid.utils.panaccess.subscriberinfo [get_login_data] Login encontrado para 18
[INFO] 2026-06-17 20:59:10,863 udid.utils.panaccess.subscriberinfo [get_login_data] Login encontrado para 18
[INFO] 2026-06-17 20:59:10,866 udid.utils.panaccess.subscriberinfo [get_login_data] Login encontrado para 18
[INFO] 2026-06-17 20:59:10,869 udid.utils.panaccess.subscriberinfo [get_login_data] Login encontrado para 18
[INFO] 2026-06-17 20:59:10,872 udid.utils.panaccess.subscriberinfo [get_login_data] Login encontrado para 18
[INFO] 2026-06-17 20:59:10,876 udid.utils.panaccess.subscriberinfo [get_login_data] Login encontrado para 18
[INFO] 2026-06-17 20:59:10,879 udid.utils.panaccess.subscriberinfo [get_login_data] Login encontrado para 18
[INFO] 2026-06-17 20:59:10,882 udid.utils.panaccess.subscriberinfo [get_login_data] Login encontrado para 18
[INFO] 2026-06-17 20:59:10,886 udid.utils.panaccess.subscriberinfo [get_login_data] Login encontrado para 18
[INFO] 2026-06-17 20:59:10,889 udid.utils.panaccess.subscriberinfo [get_login_data] Login encontrado para 18
[INFO] 2026-06-17 20:59:10,893 udid.utils.panaccess.subscriberinfo [get_login_data] Login encontrado para 18
[INFO] 2026-06-17 20:59:10,896 udid.utils.panaccess.subscriberinfo [get_login_data] Login encontrado para 18
[INFO] 2026-06-17 20:59:10,900 udid.utils.panaccess.subscriberinfo [get_login_data] Login encontrado para 18
[INFO] 2026-06-17 20:59:10,903 udid.utils.panaccess.subscriberinfo [get_login_data] Login encontrado para 18
[INFO] 2026-06-17 20:59:10,906 udid.utils.panaccess.subscriberinfo [get_login_data] Login encontrado para 18
[INFO] 2026-06-17 20:59:10,910 udid.utils.panaccess.subscriberinfo [get_login_data] Login encontrado para 18
[INFO] 2026-06-17 20:59:10,922 udid.utils.panaccess.subscriberinfo [get_login_data] Login encontrado para 18
[INFO] 2026-06-17 20:59:10,925 udid.utils.panaccess.subscriberinfo [get_login_data] Login encontrado para 529
[INFO] 2026-06-17 20:59:10,928 udid.utils.panaccess.subscriberinfo [get_login_data] Login encontrado para 529
[INFO] 2026-06-17 20:59:10,932 udid.utils.panaccess.subscriberinfo [get_login_data] Login encontrado para 529
[INFO] 2026-06-17 20:59:10,935 udid.utils.panaccess.subscriberinfo [get_login_data] Login encontrado para 529
[INFO] 2026-06-17 20:59:10,938 udid.utils.panaccess.subscriberinfo [get_login_data] Login encontrado para 529
[INFO] 2026-06-17 20:59:10,941 udid.utils.panaccess.subscriberinfo [get_login_data] Login encontrado para 529
[INFO] 2026-06-17 20:59:10,945 udid.utils.panaccess.subscriberinfo [get_login_data] Login encontrado para 529
[INFO] 2026-06-17 20:59:10,948 udid.utils.panaccess.subscriberinfo [get_login_data] Login encontrado para 529
[INFO] 2026-06-17 20:59:10,951 udid.utils.panaccess.subscriberinfo [get_login_data] Login encontrado para 529
[INFO] 2026-06-17 20:59:10,954 udid.utils.panaccess.subscriberinfo [get_login_data] Login encontrado para 529
[INFO] 2026-06-17 20:59:10,957 udid.utils.panaccess.subscriberinfo [get_login_data] Login encontrado para 529
[INFO] 2026-06-17 20:59:10,960 udid.utils.panaccess.subscriberinfo [get_login_data] Login encontrado para 529
[INFO] 2026-06-17 20:59:10,964 udid.utils.panaccess.subscriberinfo [get_login_data] Login encontrado para 529
[INFO] 2026-06-17 20:59:10,967 udid.utils.panaccess.subscriberinfo [get_login_data] Login encontrado para 529
[INFO] 2026-06-17 20:59:10,970 udid.utils.panaccess.subscriberinfo [get_login_data] Login encontrado para 529
[INFO] 2026-06-17 20:59:10,973 udid.utils.panaccess.subscriberinfo [get_login_data] Login encontrado para 529
[INFO] 2026-06-17 20:59:10,976 udid.utils.panaccess.subscriberinfo [get_login_data] Login encontrado para 529
[INFO] 2026-06-17 20:59:10,980 udid.utils.panaccess.subscriberinfo [get_login_data] Login encontrado para 529
[INFO] 2026-06-17 20:59:10,983 udid.utils.panaccess.subscriberinfo [get_login_data] Login encontrado para 529
[INFO] 2026-06-17 20:59:10,986 udid.utils.panaccess.subscriberinfo [get_login_data] Login encontrado para 529
[INFO] 2026-06-17 20:59:10,989 udid.utils.panaccess.subscriberinfo [get_login_data] Login encontrado para 529
[INFO] 2026-06-17 20:59:10,992 udid.utils.panaccess.subscriberinfo [get_login_data] Login encontrado para 529
[INFO] 2026-06-17 20:59:10,995 udid.utils.panaccess.subscriberinfo [get_login_data] Login encontrado para 529
[INFO] 2026-06-17 20:59:10,999 udid.utils.panaccess.subscriberinfo [get_login_data] Login encontrado para 529
[INFO] 2026-06-17 20:59:11,002 udid.utils.panaccess.subscriberinfo [get_login_data] Login encontrado para 529
[INFO] 2026-06-17 20:59:11,005 udid.utils.panaccess.subscriberinfo [get_login_data] Login encontrado para 529
[INFO] 2026-06-17 20:59:11,009 udid.utils.panaccess.subscriberinfo [get_login_data] Login encontrado para 529
[INFO] 2026-06-17 20:59:11,012 udid.utils.panaccess.subscriberinfo [get_login_data] Login encontrado para 529
[INFO] 2026-06-17 20:59:11,016 udid.utils.panaccess.subscriberinfo [get_login_data] Login encontrado para 529
[INFO] 2026-06-17 20:59:11,019 udid.utils.panaccess.subscriberinfo [get_login_data] Login encontrado para 529
[INFO] 2026-06-17 20:59:11,022 udid.utils.panaccess.subscriberinfo [get_login_data] Login encontrado para 529
[INFO] 2026-06-17 20:59:11,026 udid.utils.panaccess.subscriberinfo [get_login_data] Login encontrado para 529
[INFO] 2026-06-17 20:59:11,029 udid.utils.panaccess.subscriberinfo [get_login_data] Login encontrado para 529
[INFO] 2026-06-17 20:59:11,032 udid.utils.panaccess.subscriberinfo [get_login_data] Login encontrado para 529
[INFO] 2026-06-17 20:59:11,036 udid.utils.panaccess.subscriberinfo [get_login_data] Login encontrado para 529
[INFO] 2026-06-17 20:59:11,040 udid.utils.panaccess.subscriberinfo [get_login_data] Login encontrado para 529
[INFO] 2026-06-17 20:59:11,043 udid.utils.panaccess.subscriberinfo [get_login_data] Login encontrado para 529
[INFO] 2026-06-17 20:59:11,046 udid.utils.panaccess.subscriberinfo [get_login_data] Login encontrado para 529
[INFO] 2026-06-17 20:59:11,049 udid.utils.panaccess.subscriberinfo [get_login_data] Login encontrado para 529
[INFO] 2026-06-17 20:59:11,053 udid.utils.panaccess.subscriberinfo [get_login_data] Login encontrado para 529
[INFO] 2026-06-17 20:59:11,056 udid.utils.panaccess.subscriberinfo [get_login_data] Login encontrado para 529
[INFO] 2026-06-17 20:59:11,059 udid.utils.panaccess.subscriberinfo [get_login_data] Login encontrado para 529
[INFO] 2026-06-17 20:59:11,063 udid.utils.panaccess.subscriberinfo [get_login_data] Login encontrado para 529
[INFO] 2026-06-17 20:59:11,066 udid.utils.panaccess.subscriberinfo [get_login_data] Login encontrado para 533
[INFO] 2026-06-17 20:59:11,070 udid.utils.panaccess.subscriberinfo [get_login_data] Login encontrado para 529
[INFO] 2026-06-17 20:59:11,072 udid.utils.panaccess.subscriberinfo [get_login_data] Login encontrado para 532
[INFO] 2026-06-17 20:59:11,075 udid.utils.panaccess.subscriberinfo [get_login_data] Login encontrado para 524
[INFO] 2026-06-17 20:59:11,078 udid.utils.panaccess.subscriberinfo [get_login_data] Login encontrado para 529
[INFO] 2026-06-17 20:59:11,081 udid.utils.panaccess.subscriberinfo [get_login_data] Login encontrado para 529
[INFO] 2026-06-17 20:59:11,085 udid.utils.panaccess.subscriberinfo [get_login_data] Login encontrado para 524
[INFO] 2026-06-17 20:59:11,088 udid.utils.panaccess.subscriberinfo [get_login_data] Login encontrado para 524
[INFO] 2026-06-17 20:59:11,090 udid.utils.panaccess.subscriberinfo [get_login_data] Login encontrado para 532
[INFO] 2026-06-17 20:59:11,094 udid.utils.panaccess.subscriberinfo [get_login_data] Login encontrado para 529
[INFO] 2026-06-17 20:59:11,097 udid.utils.panaccess.subscriberinfo [get_login_data] Login encontrado para 532
[INFO] 2026-06-17 20:59:11,100 udid.utils.panaccess.subscriberinfo [get_login_data] Login encontrado para 529
[INFO] 2026-06-17 20:59:11,103 udid.utils.panaccess.subscriberinfo [get_login_data] Login encontrado para 533
[INFO] 2026-06-17 20:59:11,106 udid.utils.panaccess.subscriberinfo [get_login_data] Login encontrado para 533
[INFO] 2026-06-17 20:59:11,110 udid.utils.panaccess.subscriberinfo [get_login_data] Login encontrado para 529
[INFO] 2026-06-17 20:59:11,113 udid.utils.panaccess.subscriberinfo [get_login_data] Login encontrado para 529
[INFO] 2026-06-17 20:59:11,116 udid.utils.panaccess.subscriberinfo [get_login_data] Login encontrado para 532
[INFO] 2026-06-17 20:59:11,119 udid.utils.panaccess.subscriberinfo [get_login_data] Login encontrado para 524
[INFO] 2026-06-17 20:59:11,123 udid.utils.panaccess.subscriberinfo [get_login_data] Login encontrado para 529
[WARNING] 2026-06-17 20:59:11,125 udid.utils.panaccess.subscriberinfo [get_login_data] No se encontró login para 541
[INFO] 2026-06-17 20:59:11,128 udid.utils.panaccess.subscriberinfo [get_login_data] Login encontrado para 7
[WARNING] 2026-06-17 20:59:11,131 udid.utils.panaccess.subscriberinfo [get_login_data] No se encontró login para 541
[INFO] 2026-06-17 20:59:11,134 udid.utils.panaccess.subscriberinfo [get_login_data] Login encontrado para 506
[INFO] 2026-06-17 20:59:11,137 udid.utils.panaccess.subscriberinfo [get_login_data] Login encontrado para 536
[INFO] 2026-06-17 20:59:11,140 udid.utils.panaccess.subscriberinfo [get_login_data] Login encontrado para 4
[INFO] 2026-06-17 20:59:11,144 udid.utils.panaccess.subscriberinfo [get_login_data] Login encontrado para 2
[INFO] 2026-06-17 20:59:11,146 udid.utils.panaccess.subscriberinfo [get_login_data] Login encontrado para 540
[INFO] 2026-06-17 20:59:11,150 udid.utils.panaccess.subscriberinfo [get_login_data] Login encontrado para 18
[INFO] 2026-06-17 20:59:11,154 udid.utils.panaccess.subscriberinfo [get_login_data] Login encontrado para 14
[INFO] 2026-06-17 20:59:11,157 udid.utils.panaccess.subscriberinfo [get_login_data] Login encontrado para 18
[INFO] 2026-06-17 20:59:11,161 udid.utils.panaccess.subscriberinfo [get_login_data] Login encontrado para 511
[INFO] 2026-06-17 20:59:11,163 udid.utils.panaccess.subscriberinfo [get_login_data] Login encontrado para 511
[INFO] 2026-06-17 20:59:11,166 udid.utils.panaccess.subscriberinfo [get_login_data] Login encontrado para 00073420U2
[INFO] 2026-06-17 20:59:11,169 udid.utils.panaccess.subscriberinfo [get_login_data] Login encontrado para 511
[INFO] 2026-06-17 20:59:11,173 udid.utils.panaccess.subscriberinfo [get_login_data] Login encontrado para 514
[INFO] 2026-06-17 20:59:11,176 udid.utils.panaccess.subscriberinfo [get_login_data] Login encontrado para 18
[INFO] 2026-06-17 20:59:11,179 udid.utils.panaccess.subscriberinfo [get_login_data] Login encontrado para 18
[INFO] 2026-06-17 20:59:11,183 udid.utils.panaccess.subscriberinfo [get_login_data] Login encontrado para 18
[INFO] 2026-06-17 20:59:11,186 udid.utils.panaccess.subscriberinfo [get_login_data] Login encontrado para 18
[INFO] 2026-06-17 20:59:11,190 udid.utils.panaccess.subscriberinfo [get_login_data] Login encontrado para 18
[INFO] 2026-06-17 20:59:11,193 udid.utils.panaccess.subscriberinfo [get_login_data] Login encontrado para 18
[INFO] 2026-06-17 20:59:11,196 udid.utils.panaccess.subscriberinfo [get_login_data] Login encontrado para 517
[INFO] 2026-06-17 20:59:11,199 udid.utils.panaccess.subscriberinfo [get_login_data] Login encontrado para 522
[INFO] 2026-06-17 20:59:11,203 udid.utils.panaccess.subscriberinfo [get_login_data] Login encontrado para 18
[INFO] 2026-06-17 20:59:11,207 udid.utils.panaccess.subscriberinfo [get_login_data] Login encontrado para 18
[INFO] 2026-06-17 20:59:11,211 udid.utils.panaccess.subscriberinfo [get_login_data] Login encontrado para 18
[INFO] 2026-06-17 20:59:11,214 udid.utils.panaccess.subscriberinfo [get_login_data] Login encontrado para 18
[INFO] 2026-06-17 20:59:11,218 udid.utils.panaccess.subscriberinfo [get_login_data] Login encontrado para 18
[INFO] 2026-06-17 20:59:11,222 udid.utils.panaccess.subscriberinfo [get_login_data] Login encontrado para 18
[INFO] 2026-06-17 20:59:11,225 udid.utils.panaccess.subscriberinfo [get_login_data] Login encontrado para 18
[INFO] 2026-06-17 20:59:11,229 udid.utils.panaccess.subscriberinfo [get_login_data] Login encontrado para 18
[INFO] 2026-06-17 20:59:11,232 udid.utils.panaccess.subscriberinfo [get_login_data] Login encontrado para 18
[INFO] 2026-06-17 20:59:11,236 udid.utils.panaccess.subscriberinfo [get_login_data] Login encontrado para 18
[INFO] 2026-06-17 20:59:11,240 udid.utils.panaccess.subscriberinfo [get_login_data] Login encontrado para 18
[INFO] 2026-06-17 20:59:11,243 udid.utils.panaccess.subscriberinfo [get_login_data] Login encontrado para 18
[INFO] 2026-06-17 20:59:11,247 udid.utils.panaccess.subscriberinfo [get_login_data] Login encontrado para 18
[INFO] 2026-06-17 20:59:11,253 udid.utils.panaccess.subscriberinfo [get_login_data] Login encontrado para 18
[INFO] 2026-06-17 20:59:11,257 udid.utils.panaccess.subscriberinfo [get_login_data] Login encontrado para 18
[INFO] 2026-06-17 20:59:11,261 udid.utils.panaccess.subscriberinfo [get_login_data] Login encontrado para 529
[INFO] 2026-06-17 20:59:11,264 udid.utils.panaccess.subscriberinfo [get_login_data] Login encontrado para 18
[INFO] 2026-06-17 20:59:11,268 udid.utils.panaccess.subscriberinfo [get_login_data] Login encontrado para 18
[INFO] 2026-06-17 20:59:11,272 udid.utils.panaccess.subscriberinfo [get_login_data] Login encontrado para 18
[INFO] 2026-06-17 20:59:11,275 udid.utils.panaccess.subscriberinfo [get_login_data] Login encontrado para 18
[INFO] 2026-06-17 20:59:11,278 udid.utils.panaccess.subscriberinfo [get_login_data] Login encontrado para 18
[INFO] 2026-06-17 20:59:11,282 udid.utils.panaccess.subscriberinfo [get_login_data] Login encontrado para 18
[INFO] 2026-06-17 20:59:11,286 udid.utils.panaccess.subscriberinfo [get_login_data] Login encontrado para 18
[INFO] 2026-06-17 20:59:11,289 udid.utils.panaccess.subscriberinfo [get_login_data] Login encontrado para 18
[INFO] 2026-06-17 20:59:11,293 udid.utils.panaccess.subscriberinfo [get_login_data] Login encontrado para 18
[INFO] 2026-06-17 20:59:11,297 udid.utils.panaccess.subscriberinfo [get_login_data] Login encontrado para 18
[INFO] 2026-06-17 20:59:11,300 udid.utils.panaccess.subscriberinfo [get_login_data] Login encontrado para 529
[INFO] 2026-06-17 20:59:11,304 udid.utils.panaccess.subscriberinfo [get_login_data] Login encontrado para 529
[INFO] 2026-06-17 20:59:11,308 udid.utils.panaccess.subscriberinfo [get_login_data] Login encontrado para 529
[INFO] 2026-06-17 20:59:11,311 udid.utils.panaccess.subscriberinfo [get_login_data] Login encontrado para 529
[INFO] 2026-06-17 20:59:11,314 udid.utils.panaccess.subscriberinfo [get_login_data] Login encontrado para 529
[INFO] 2026-06-17 20:59:11,318 udid.utils.panaccess.subscriberinfo [get_login_data] Login encontrado para 529
[INFO] 2026-06-17 20:59:11,321 udid.utils.panaccess.subscriberinfo [get_login_data] Login encontrado para 529
[INFO] 2026-06-17 20:59:11,325 udid.utils.panaccess.subscriberinfo [get_login_data] Login encontrado para 529
[INFO] 2026-06-17 20:59:11,328 udid.utils.panaccess.subscriberinfo [get_login_data] Login encontrado para 529
[INFO] 2026-06-17 20:59:11,332 udid.utils.panaccess.subscriberinfo [get_login_data] Login encontrado para 529
[INFO] 2026-06-17 20:59:11,335 udid.utils.panaccess.subscriberinfo [get_login_data] Login encontrado para 529
[INFO] 2026-06-17 20:59:11,339 udid.utils.panaccess.subscriberinfo [get_login_data] Login encontrado para 529
[INFO] 2026-06-17 20:59:11,343 udid.utils.panaccess.subscriberinfo [get_login_data] Login encontrado para 529
[INFO] 2026-06-17 20:59:11,346 udid.utils.panaccess.subscriberinfo [get_login_data] Login encontrado para 529
[INFO] 2026-06-17 20:59:11,349 udid.utils.panaccess.subscriberinfo [get_login_data] Login encontrado para 529
[INFO] 2026-06-17 20:59:11,352 udid.utils.panaccess.subscriberinfo [get_login_data] Login encontrado para 529
[INFO] 2026-06-17 20:59:11,356 udid.utils.panaccess.subscriberinfo [get_login_data] Login encontrado para 529
[INFO] 2026-06-17 20:59:11,359 udid.utils.panaccess.subscriberinfo [get_login_data] Login encontrado para 529
[INFO] 2026-06-17 20:59:11,363 udid.utils.panaccess.subscriberinfo [get_login_data] Login encontrado para 529
[INFO] 2026-06-17 20:59:11,366 udid.utils.panaccess.subscriberinfo [get_login_data] Login encontrado para 529
[INFO] 2026-06-17 20:59:11,370 udid.utils.panaccess.subscriberinfo [get_login_data] Login encontrado para 529
[INFO] 2026-06-17 20:59:11,373 udid.utils.panaccess.subscriberinfo [get_login_data] Login encontrado para 529
[INFO] 2026-06-17 20:59:11,376 udid.utils.panaccess.subscriberinfo [get_login_data] Login encontrado para 529
[INFO] 2026-06-17 20:59:11,381 udid.utils.panaccess.subscriberinfo [get_login_data] Login encontrado para 18
[INFO] 2026-06-17 20:59:11,384 udid.utils.panaccess.subscriberinfo [get_login_data] Login encontrado para 529
[INFO] 2026-06-17 20:59:11,388 udid.utils.panaccess.subscriberinfo [get_login_data] Login encontrado para 537
[INFO] 2026-06-17 20:59:11,391 udid.utils.panaccess.subscriberinfo [get_login_data] Login encontrado para 529
[INFO] 2026-06-17 20:59:11,394 udid.utils.panaccess.subscriberinfo [get_login_data] Login encontrado para 529
[INFO] 2026-06-17 20:59:11,398 udid.utils.panaccess.subscriberinfo [get_login_data] Login encontrado para 529
[INFO] 2026-06-17 20:59:11,402 udid.utils.panaccess.subscriberinfo [get_login_data] Login encontrado para 529
[INFO] 2026-06-17 20:59:11,406 udid.utils.panaccess.subscriberinfo [get_login_data] Login encontrado para 529
[INFO] 2026-06-17 20:59:11,410 udid.utils.panaccess.subscriberinfo [get_login_data] Login encontrado para 529
[WARNING] 2026-06-17 20:59:11,412 udid.utils.panaccess.subscriberinfo [get_login_data] No se encontró login para 542
[INFO] 2026-06-17 20:59:11,416 udid.utils.panaccess.subscriberinfo [get_login_data] Login encontrado para 529
[INFO] 2026-06-17 20:59:11,419 udid.utils.panaccess.subscriberinfo [get_login_data] Login encontrado para 14
[INFO] 2026-06-17 20:59:11,422 udid.utils.panaccess.subscriberinfo [get_login_data] Login encontrado para 529
[INFO] 2026-06-17 20:59:11,426 udid.utils.panaccess.subscriberinfo [get_login_data] Login encontrado para 18
[INFO] 2026-06-17 20:59:11,430 udid.utils.panaccess.subscriberinfo [get_login_data] Login encontrado para 18
[INFO] 2026-06-17 20:59:11,434 udid.utils.panaccess.subscriberinfo [get_login_data] Login encontrado para 18
[INFO] 2026-06-17 20:59:11,437 udid.utils.panaccess.subscriberinfo [get_login_data] Login encontrado para 529
[INFO] 2026-06-17 20:59:11,441 udid.utils.panaccess.subscriberinfo [get_login_data] Login encontrado para 18
[INFO] 2026-06-17 20:59:11,444 udid.utils.panaccess.subscriberinfo [get_login_data] Login encontrado para 529
[INFO] 2026-06-17 20:59:11,447 udid.utils.panaccess.subscriberinfo [get_login_data] Login encontrado para 18
[INFO] 2026-06-17 20:59:11,451 udid.utils.panaccess.subscriberinfo [get_login_data] Login encontrado para 529
[INFO] 2026-06-17 20:59:11,454 udid.utils.panaccess.subscriberinfo [get_login_data] Login encontrado para 529
[INFO] 2026-06-17 20:59:11,457 udid.utils.panaccess.subscriberinfo [get_login_data] Login encontrado para 529
[INFO] 2026-06-17 20:59:11,460 udid.utils.panaccess.subscriberinfo [get_login_data] Login encontrado para 9
[INFO] 2026-06-17 20:59:11,464 udid.utils.panaccess.subscriberinfo [get_login_data] Login encontrado para 521
[WARNING] 2026-06-17 20:59:11,467 udid.utils.panaccess.subscriberinfo [get_login_data] No se encontró login para 543
[INFO] 2026-06-17 20:59:11,470 udid.utils.panaccess.subscriberinfo [get_login_data] Login encontrado para 18
[INFO] 2026-06-17 20:59:11,473 udid.utils.panaccess.subscriberinfo [get_login_data] Login encontrado para 535
[INFO] 2026-06-17 20:59:11,476 udid.utils.panaccess.subscriberinfo [get_login_data] Login encontrado para 510
[INFO] 2026-06-17 20:59:11,479 udid.utils.panaccess.subscriberinfo [get_login_data] Login encontrado para 524
[INFO] 2026-06-17 20:59:11,482 udid.utils.panaccess.subscriberinfo [get_login_data] Login encontrado para 524
[INFO] 2026-06-17 20:59:11,486 udid.utils.panaccess.subscriberinfo [get_login_data] Login encontrado para 18
[INFO] 2026-06-17 20:59:11,489 udid.utils.panaccess.subscriberinfo [get_login_data] Login encontrado para 535
[INFO] 2026-06-17 20:59:11,492 udid.utils.panaccess.subscriberinfo [get_login_data] Login encontrado para 529
[INFO] 2026-06-17 20:59:11,495 udid.utils.panaccess.subscriberinfo [get_login_data] Login encontrado para 515
[INFO] 2026-06-17 20:59:11,497 udid.utils.panaccess.subscriberinfo [get_login_data] Login encontrado para 534
[INFO] 2026-06-17 20:59:11,501 udid.utils.panaccess.subscriberinfo [get_login_data] Login encontrado para 537
[INFO] 2026-06-17 20:59:11,504 udid.utils.panaccess.subscriberinfo [get_login_data] Login encontrado para 5
[INFO] 2026-06-17 20:59:11,507 udid.utils.panaccess.subscriberinfo [get_login_data] Login encontrado para 18
[INFO] 2026-06-17 20:59:11,511 udid.utils.panaccess.subscriberinfo [get_login_data] Login encontrado para 18
[INFO] 2026-06-17 20:59:11,514 udid.utils.panaccess.subscriberinfo [get_login_data] Login encontrado para 511
[INFO] 2026-06-17 20:59:11,517 udid.utils.panaccess.subscriberinfo [get_login_data] Login encontrado para 539
[INFO] 2026-06-17 20:59:11,520 udid.utils.panaccess.subscriberinfo [get_login_data] Login encontrado para 515
[INFO] 2026-06-17 20:59:11,523 udid.utils.panaccess.subscriberinfo [get_login_data] Login encontrado para 18
[WARNING] 2026-06-17 20:59:11,527 udid.utils.panaccess.subscriberinfo [get_login_data] No se encontró login para 545
[INFO] 2026-06-17 20:59:11,530 udid.utils.panaccess.subscriberinfo [get_login_data] Login encontrado para 21
[INFO] 2026-06-17 20:59:11,533 udid.utils.panaccess.subscriberinfo [get_login_data] Login encontrado para 18
[INFO] 2026-06-17 20:59:11,537 udid.utils.panaccess.subscriberinfo [get_login_data] Login encontrado para 18
[INFO] 2026-06-17 20:59:11,540 udid.utils.panaccess.subscriberinfo [get_login_data] Login encontrado para 5
[WARNING] 2026-06-17 20:59:11,543 udid.utils.panaccess.subscriberinfo [get_login_data] No se encontró login para 546
[INFO] 2026-06-17 20:59:11,546 udid.utils.panaccess.subscriberinfo [get_login_data] Login encontrado para 511
[INFO] 2026-06-17 20:59:11,549 udid.utils.panaccess.subscriberinfo [get_login_data] Login encontrado para 18
[INFO] 2026-06-17 20:59:11,553 udid.utils.panaccess.subscriberinfo [get_login_data] Login encontrado para 18
[INFO] 2026-06-17 20:59:11,557 udid.utils.panaccess.subscriberinfo [get_login_data] Login encontrado para 506
[INFO] 2026-06-17 20:59:11,560 udid.utils.panaccess.subscriberinfo [get_login_data] Login encontrado para 511
[INFO] 2026-06-17 20:59:11,563 udid.utils.panaccess.subscriberinfo [get_login_data] Login encontrado para 00073420U4
[INFO] 2026-06-17 20:59:11,567 udid.utils.panaccess.subscriberinfo [get_login_data] Login encontrado para 18
[INFO] 2026-06-17 20:59:11,570 udid.utils.panaccess.subscriberinfo [get_login_data] Login encontrado para 18
[INFO] 2026-06-17 20:59:11,574 udid.utils.panaccess.subscriberinfo [get_login_data] Login encontrado para 18
[INFO] 2026-06-17 20:59:11,577 udid.utils.panaccess.subscriberinfo [get_login_data] Login encontrado para 16
[INFO] 2026-06-17 20:59:11,581 udid.utils.panaccess.subscriberinfo [get_login_data] Login encontrado para 18
[INFO] 2026-06-17 20:59:11,584 udid.utils.panaccess.subscriberinfo [get_login_data] Login encontrado para 18
[INFO] 2026-06-17 20:59:11,587 udid.utils.panaccess.subscriberinfo [get_login_data] Login encontrado para 0008
[INFO] 2026-06-17 20:59:11,591 udid.utils.panaccess.subscriberinfo [get_login_data] Login encontrado para 00073420U5
[INFO] 2026-06-17 20:59:11,597 udid.utils.panaccess.subscriberinfo [get_login_data] Login encontrado para 18
[INFO] 2026-06-17 20:59:11,600 udid.utils.panaccess.subscriberinfo [get_login_data] Login encontrado para 00001
[INFO] 2026-06-17 20:59:11,604 udid.utils.panaccess.subscriberinfo [get_login_data] Login encontrado para 506
[WARNING] 2026-06-17 20:59:11,607 udid.utils.panaccess.subscriberinfo [get_login_data] No se encontró login para 546
[INFO] 2026-06-17 20:59:11,609 udid.utils.panaccess.subscriberinfo [get_login_data] Login encontrado para 23
[INFO] 2026-06-17 20:59:11,613 udid.utils.panaccess.subscriberinfo [get_login_data] Login encontrado para 18
[WARNING] 2026-06-17 20:59:11,616 udid.utils.panaccess.subscriberinfo [get_login_data] No se encontró login para 549
[INFO] 2026-06-17 20:59:11,619 udid.utils.panaccess.subscriberinfo [get_login_data] Login encontrado para 518
[INFO] 2026-06-17 20:59:11,622 udid.utils.panaccess.subscriberinfo [get_login_data] Login encontrado para 23
[WARNING] 2026-06-17 20:59:11,625 udid.utils.panaccess.subscriberinfo [get_login_data] No se encontró login para 549
[INFO] 2026-06-17 20:59:11,628 udid.utils.panaccess.subscriberinfo [get_login_data] Login encontrado para 1
[INFO] 2026-06-17 20:59:11,631 udid.utils.panaccess.subscriberinfo [get_login_data] Login encontrado para 524
[WARNING] 2026-06-17 20:59:11,634 udid.utils.panaccess.subscriberinfo [get_login_data] No se encontró login para 544
[WARNING] 2026-06-17 20:59:11,637 udid.utils.panaccess.subscriberinfo [get_login_data] No se encontró login para 547
[INFO] 2026-06-17 20:59:11,641 udid.utils.panaccess.subscriberinfo [get_login_data] Login encontrado para 18
[INFO] 2026-06-17 20:59:11,644 udid.utils.panaccess.subscriberinfo [get_login_data] Login encontrado para 533
[INFO] 2026-06-17 20:59:11,647 udid.utils.panaccess.subscriberinfo [get_login_data] Login encontrado para 14
[INFO] 2026-06-17 20:59:11,650 udid.utils.panaccess.subscriberinfo [get_login_data] Login encontrado para 14
[INFO] 2026-06-17 20:59:11,653 udid.utils.panaccess.subscriberinfo [get_login_data] Login encontrado para 536
[INFO] 2026-06-17 20:59:11,656 udid.utils.panaccess.subscriberinfo [get_login_data] Login encontrado para 529
[INFO] 2026-06-17 20:59:11,659 udid.utils.panaccess.subscriberinfo [get_login_data] Login encontrado para 529
[INFO] 2026-06-17 20:59:11,662 udid.utils.panaccess.subscriberinfo [get_login_data] Login encontrado para 539
[INFO] 2026-06-17 20:59:11,666 udid.utils.panaccess.subscriberinfo [get_login_data] Login encontrado para 18
[WARNING] 2026-06-17 20:59:11,670 udid.utils.panaccess.subscriberinfo [get_login_data] No se encontró login para 00073420L14
[INFO] 2026-06-17 20:59:11,673 udid.utils.panaccess.subscriberinfo [get_login_data] Login encontrado para 529
[WARNING] 2026-06-17 20:59:11,676 udid.utils.panaccess.subscriberinfo [get_login_data] No se encontró login para 00073420L14
[INFO] 2026-06-17 20:59:11,680 udid.utils.panaccess.subscriberinfo [get_login_data] Login encontrado para 18
[INFO] 2026-06-17 20:59:11,683 udid.utils.panaccess.subscriberinfo [get_login_data] Login encontrado para 511
[INFO] 2026-06-17 20:59:11,687 udid.utils.panaccess.subscriberinfo [get_login_data] Login encontrado para 18
[WARNING] 2026-06-17 20:59:11,689 udid.utils.panaccess.subscriberinfo [get_login_data] No se encontró login para 00073420L14
[INFO] 2026-06-17 20:59:11,693 udid.utils.panaccess.subscriberinfo [get_login_data] Login encontrado para 18
[INFO] 2026-06-17 20:59:11,696 udid.utils.panaccess.subscriberinfo [get_login_data] Login encontrado para 00073420U5
[INFO] 2026-06-17 20:59:11,699 udid.utils.panaccess.subscriberinfo [get_login_data] Login encontrado para 18
[INFO] 2026-06-17 20:59:11,703 udid.utils.panaccess.subscriberinfo [get_login_data] Login encontrado para 18
[INFO] 2026-06-17 20:59:11,707 udid.utils.panaccess.subscriberinfo [get_login_data] Login encontrado para 18
[INFO] 2026-06-17 20:59:11,710 udid.utils.panaccess.subscriberinfo [get_login_data] Login encontrado para 14
[INFO] 2026-06-17 20:59:11,713 udid.utils.panaccess.subscriberinfo [get_login_data] Login encontrado para 14
[INFO] 2026-06-17 20:59:11,716 udid.utils.panaccess.subscriberinfo [get_login_data] Login encontrado para 18
[INFO] 2026-06-17 20:59:11,720 udid.utils.panaccess.subscriberinfo [get_login_data] Login encontrado para 18
[INFO] 2026-06-17 20:59:11,724 udid.utils.panaccess.subscriberinfo [get_login_data] Login encontrado para 18
[INFO] 2026-06-17 20:59:11,728 udid.utils.panaccess.subscriberinfo [get_login_data] Login encontrado para 18
[INFO] 2026-06-17 20:59:11,731 udid.utils.panaccess.subscriberinfo [get_login_data] Login encontrado para 18
[INFO] 2026-06-17 20:59:11,735 udid.utils.panaccess.subscriberinfo [get_login_data] Login encontrado para 18
[INFO] 2026-06-17 20:59:11,739 udid.utils.panaccess.subscriberinfo [get_login_data] Login encontrado para 18
[INFO] 2026-06-17 20:59:11,742 udid.utils.panaccess.subscriberinfo [get_login_data] Login encontrado para 18
[INFO] 2026-06-17 20:59:11,746 udid.utils.panaccess.subscriberinfo [get_login_data] Login encontrado para 18
[INFO] 2026-06-17 20:59:11,749 udid.utils.panaccess.subscriberinfo [get_login_data] Login encontrado para 18
[INFO] 2026-06-17 20:59:11,753 udid.utils.panaccess.subscriberinfo [get_login_data] Login encontrado para 18
[INFO] 2026-06-17 20:59:11,756 udid.utils.panaccess.subscriberinfo [get_login_data] Login encontrado para 18
[INFO] 2026-06-17 20:59:11,760 udid.utils.panaccess.subscriberinfo [get_login_data] Login encontrado para 18
[INFO] 2026-06-17 20:59:11,764 udid.utils.panaccess.subscriberinfo [get_login_data] Login encontrado para 529
[INFO] 2026-06-17 20:59:11,767 udid.utils.panaccess.subscriberinfo [get_login_data] Login encontrado para 18
[INFO] 2026-06-17 20:59:11,771 udid.utils.panaccess.subscriberinfo [get_login_data] Login encontrado para 18
[INFO] 2026-06-17 20:59:11,775 udid.utils.panaccess.subscriberinfo [get_login_data] Login encontrado para 18
[INFO] 2026-06-17 20:59:11,779 udid.utils.panaccess.subscriberinfo [get_login_data] Login encontrado para 18
[INFO] 2026-06-17 20:59:11,782 udid.utils.panaccess.subscriberinfo [get_login_data] Login encontrado para 18
[INFO] 2026-06-17 20:59:11,786 udid.utils.panaccess.subscriberinfo [get_login_data] Login encontrado para 18
[INFO] 2026-06-17 20:59:11,789 udid.utils.panaccess.subscriberinfo [get_login_data] Login encontrado para 18
[INFO] 2026-06-17 20:59:11,792 udid.utils.panaccess.subscriberinfo [get_login_data] Login encontrado para 18
[INFO] 2026-06-17 20:59:11,795 udid.utils.panaccess.subscriberinfo [get_login_data] Login encontrado para 18
[INFO] 2026-06-17 20:59:11,799 udid.utils.panaccess.subscriberinfo [get_login_data] Login encontrado para 18
[INFO] 2026-06-17 20:59:11,802 udid.utils.panaccess.subscriberinfo [get_login_data] Login encontrado para 18
[INFO] 2026-06-17 20:59:11,805 udid.utils.panaccess.subscriberinfo [get_login_data] Login encontrado para 18
[INFO] 2026-06-17 20:59:11,808 udid.utils.panaccess.subscriberinfo [get_login_data] Login encontrado para 18
[INFO] 2026-06-17 20:59:11,812 udid.utils.panaccess.subscriberinfo [get_login_data] Login encontrado para 18
[INFO] 2026-06-17 20:59:11,815 udid.utils.panaccess.subscriberinfo [get_login_data] Login encontrado para 18
[INFO] 2026-06-17 20:59:11,819 udid.utils.panaccess.subscriberinfo [get_login_data] Login encontrado para 18
[INFO] 2026-06-17 20:59:11,822 udid.utils.panaccess.subscriberinfo [get_login_data] Login encontrado para 18
[INFO] 2026-06-17 20:59:11,825 udid.utils.panaccess.subscriberinfo [get_login_data] Login encontrado para 18
[INFO] 2026-06-17 20:59:11,829 udid.utils.panaccess.subscriberinfo [get_login_data] Login encontrado para 18
[INFO] 2026-06-17 20:59:11,832 udid.utils.panaccess.subscriberinfo [get_login_data] Login encontrado para 18
[INFO] 2026-06-17 20:59:11,835 udid.utils.panaccess.subscriberinfo [get_login_data] Login encontrado para 18
[INFO] 2026-06-17 20:59:11,839 udid.utils.panaccess.subscriberinfo [get_login_data] Login encontrado para 18
[INFO] 2026-06-17 20:59:11,843 udid.utils.panaccess.subscriberinfo [get_login_data] Login encontrado para 18
[INFO] 2026-06-17 20:59:11,847 udid.utils.panaccess.subscriberinfo [get_login_data] Login encontrado para 18
[INFO] 2026-06-17 20:59:11,851 udid.utils.panaccess.subscriberinfo [get_login_data] Login encontrado para 18
[INFO] 2026-06-17 20:59:11,854 udid.utils.panaccess.subscriberinfo [get_login_data] Login encontrado para 18
[INFO] 2026-06-17 20:59:11,857 udid.utils.panaccess.subscriberinfo [get_login_data] Login encontrado para 18
[INFO] 2026-06-17 20:59:11,860 udid.utils.panaccess.subscriberinfo [get_login_data] Login encontrado para 18
[INFO] 2026-06-17 20:59:11,863 udid.utils.panaccess.subscriberinfo [get_login_data] Login encontrado para 18
[INFO] 2026-06-17 20:59:11,866 udid.utils.panaccess.subscriberinfo [get_login_data] Login encontrado para 18
[INFO] 2026-06-17 20:59:11,870 udid.utils.panaccess.subscriberinfo [get_login_data] Login encontrado para 18
[INFO] 2026-06-17 20:59:11,873 udid.utils.panaccess.subscriberinfo [get_login_data] Login encontrado para 18
[INFO] 2026-06-17 20:59:11,876 udid.utils.panaccess.subscriberinfo [get_login_data] Login encontrado para 18
[INFO] 2026-06-17 20:59:11,879 udid.utils.panaccess.subscriberinfo [get_login_data] Login encontrado para 18
[INFO] 2026-06-17 20:59:11,882 udid.utils.panaccess.subscriberinfo [get_login_data] Login encontrado para 18
[INFO] 2026-06-17 20:59:11,885 udid.utils.panaccess.subscriberinfo [get_login_data] Login encontrado para 18
[INFO] 2026-06-17 20:59:11,888 udid.utils.panaccess.subscriberinfo [get_login_data] Login encontrado para 18
[INFO] 2026-06-17 20:59:11,891 udid.utils.panaccess.subscriberinfo [get_login_data] Login encontrado para 18
[INFO] 2026-06-17 20:59:11,895 udid.utils.panaccess.subscriberinfo [get_login_data] Login encontrado para 18
[INFO] 2026-06-17 20:59:11,898 udid.utils.panaccess.subscriberinfo [get_login_data] Login encontrado para 18
[INFO] 2026-06-17 20:59:11,901 udid.utils.panaccess.subscriberinfo [get_login_data] Login encontrado para 18
[INFO] 2026-06-17 20:59:11,904 udid.utils.panaccess.subscriberinfo [get_login_data] Login encontrado para 18
[INFO] 2026-06-17 20:59:11,907 udid.utils.panaccess.subscriberinfo [get_login_data] Login encontrado para 18
[INFO] 2026-06-17 20:59:11,910 udid.utils.panaccess.subscriberinfo [get_login_data] Login encontrado para 18
[INFO] 2026-06-17 20:59:11,914 udid.utils.panaccess.subscriberinfo [get_login_data] Login encontrado para 18
[INFO] 2026-06-17 20:59:11,917 udid.utils.panaccess.subscriberinfo [get_login_data] Login encontrado para 18
[INFO] 2026-06-17 20:59:11,920 udid.utils.panaccess.subscriberinfo [get_login_data] Login encontrado para 18
[INFO] 2026-06-17 20:59:11,923 udid.utils.panaccess.subscriberinfo [get_login_data] Login encontrado para 18
[INFO] 2026-06-17 20:59:11,926 udid.utils.panaccess.subscriberinfo [get_login_data] Login encontrado para 18
[INFO] 2026-06-17 20:59:11,932 udid.utils.panaccess.subscriberinfo [get_login_data] Login encontrado para 18
[INFO] 2026-06-17 20:59:11,935 udid.utils.panaccess.subscriberinfo [get_login_data] Login encontrado para 18
[INFO] 2026-06-17 20:59:11,938 udid.utils.panaccess.subscriberinfo [get_login_data] Login encontrado para 18
[INFO] 2026-06-17 20:59:11,941 udid.utils.panaccess.subscriberinfo [get_login_data] Login encontrado para 18
[INFO] 2026-06-17 20:59:11,944 udid.utils.panaccess.subscriberinfo [get_login_data] Login encontrado para 18
[INFO] 2026-06-17 20:59:11,948 udid.utils.panaccess.subscriberinfo [get_login_data] Login encontrado para 18
[INFO] 2026-06-17 20:59:11,951 udid.utils.panaccess.subscriberinfo [get_login_data] Login encontrado para 18
[INFO] 2026-06-17 20:59:11,954 udid.utils.panaccess.subscriberinfo [get_login_data] Login encontrado para 18
[INFO] 2026-06-17 20:59:11,957 udid.utils.panaccess.subscriberinfo [get_login_data] Login encontrado para 18
[INFO] 2026-06-17 20:59:11,960 udid.utils.panaccess.subscriberinfo [get_login_data] Login encontrado para 18
[INFO] 2026-06-17 20:59:11,963 udid.utils.panaccess.subscriberinfo [get_login_data] Login encontrado para 18
[INFO] 2026-06-17 20:59:11,967 udid.utils.panaccess.subscriberinfo [get_login_data] Login encontrado para 18
[INFO] 2026-06-17 20:59:11,970 udid.utils.panaccess.subscriberinfo [get_login_data] Login encontrado para 18
[INFO] 2026-06-17 20:59:11,973 udid.utils.panaccess.subscriberinfo [get_login_data] Login encontrado para 18
[INFO] 2026-06-17 20:59:11,976 udid.utils.panaccess.subscriberinfo [get_login_data] Login encontrado para 18
[INFO] 2026-06-17 20:59:11,979 udid.utils.panaccess.subscriberinfo [get_login_data] Login encontrado para 18
[INFO] 2026-06-17 20:59:11,982 udid.utils.panaccess.subscriberinfo [get_login_data] Login encontrado para 18
[INFO] 2026-06-17 20:59:11,985 udid.utils.panaccess.subscriberinfo [get_login_data] Login encontrado para 18
[INFO] 2026-06-17 20:59:11,988 udid.utils.panaccess.subscriberinfo [get_login_data] Login encontrado para 18
[INFO] 2026-06-17 20:59:11,991 udid.utils.panaccess.subscriberinfo [get_login_data] Login encontrado para 18
[INFO] 2026-06-17 20:59:11,995 udid.utils.panaccess.subscriberinfo [get_login_data] Login encontrado para 18
[INFO] 2026-06-17 20:59:11,998 udid.utils.panaccess.subscriberinfo [get_login_data] Login encontrado para 18
[INFO] 2026-06-17 20:59:12,001 udid.utils.panaccess.subscriberinfo [get_login_data] Login encontrado para 18
[INFO] 2026-06-17 20:59:12,004 udid.utils.panaccess.subscriberinfo [get_login_data] Login encontrado para 18
[INFO] 2026-06-17 20:59:12,007 udid.utils.panaccess.subscriberinfo [get_login_data] Login encontrado para 18
[INFO] 2026-06-17 20:59:12,010 udid.utils.panaccess.subscriberinfo [get_login_data] Login encontrado para 18
[INFO] 2026-06-17 20:59:12,013 udid.utils.panaccess.subscriberinfo [get_login_data] Login encontrado para 18
[INFO] 2026-06-17 20:59:12,016 udid.utils.panaccess.subscriberinfo [get_login_data] Login encontrado para 18
[INFO] 2026-06-17 20:59:12,020 udid.utils.panaccess.subscriberinfo [get_login_data] Login encontrado para 18
[INFO] 2026-06-17 20:59:12,023 udid.utils.panaccess.subscriberinfo [get_login_data] Login encontrado para 18
[INFO] 2026-06-17 20:59:12,026 udid.utils.panaccess.subscriberinfo [get_login_data] Login encontrado para 18
[INFO] 2026-06-17 20:59:12,029 udid.utils.panaccess.subscriberinfo [get_login_data] Login encontrado para 18
[INFO] 2026-06-17 20:59:12,032 udid.utils.panaccess.subscriberinfo [get_login_data] Login encontrado para 18
[INFO] 2026-06-17 20:59:12,035 udid.utils.panaccess.subscriberinfo [get_login_data] Login encontrado para 18
[INFO] 2026-06-17 20:59:12,038 udid.utils.panaccess.subscriberinfo [get_login_data] Login encontrado para 18
[INFO] 2026-06-17 20:59:12,041 udid.utils.panaccess.subscriberinfo [get_login_data] Login encontrado para 18
[INFO] 2026-06-17 20:59:12,044 udid.utils.panaccess.subscriberinfo [get_login_data] Login encontrado para 18
[INFO] 2026-06-17 20:59:12,048 udid.utils.panaccess.subscriberinfo [get_login_data] Login encontrado para 18
[INFO] 2026-06-17 20:59:12,051 udid.utils.panaccess.subscriberinfo [get_login_data] Login encontrado para 18
[INFO] 2026-06-17 20:59:12,054 udid.utils.panaccess.subscriberinfo [get_login_data] Login encontrado para 18
[INFO] 2026-06-17 20:59:12,057 udid.utils.panaccess.subscriberinfo [get_login_data] Login encontrado para 18
[INFO] 2026-06-17 20:59:12,060 udid.utils.panaccess.subscriberinfo [get_login_data] Login encontrado para 18
[INFO] 2026-06-17 20:59:12,063 udid.utils.panaccess.subscriberinfo [get_login_data] Login encontrado para 18
[INFO] 2026-06-17 20:59:12,066 udid.utils.panaccess.subscriberinfo [get_login_data] Login encontrado para 18
[INFO] 2026-06-17 20:59:12,069 udid.utils.panaccess.subscriberinfo [get_login_data] Login encontrado para 18
[INFO] 2026-06-17 20:59:12,072 udid.utils.panaccess.subscriberinfo [get_login_data] Login encontrado para 18
[INFO] 2026-06-17 20:59:12,076 udid.utils.panaccess.subscriberinfo [get_login_data] Login encontrado para 18
[INFO] 2026-06-17 20:59:12,079 udid.utils.panaccess.subscriberinfo [get_login_data] Login encontrado para 18
[INFO] 2026-06-17 20:59:12,082 udid.utils.panaccess.subscriberinfo [get_login_data] Login encontrado para 18
[INFO] 2026-06-17 20:59:12,085 udid.utils.panaccess.subscriberinfo [get_login_data] Login encontrado para 18
[INFO] 2026-06-17 20:59:12,088 udid.utils.panaccess.subscriberinfo [get_login_data] Login encontrado para 18
[INFO] 2026-06-17 20:59:12,091 udid.utils.panaccess.subscriberinfo [get_login_data] Login encontrado para 18
[INFO] 2026-06-17 20:59:12,095 udid.utils.panaccess.subscriberinfo [get_login_data] Login encontrado para 18
[INFO] 2026-06-17 20:59:12,098 udid.utils.panaccess.subscriberinfo [get_login_data] Login encontrado para 18
[INFO] 2026-06-17 20:59:12,101 udid.utils.panaccess.subscriberinfo [get_login_data] Login encontrado para 18
[INFO] 2026-06-17 20:59:12,104 udid.utils.panaccess.subscriberinfo [get_login_data] Login encontrado para 18
[INFO] 2026-06-17 20:59:12,107 udid.utils.panaccess.subscriberinfo [get_login_data] Login encontrado para 18
[INFO] 2026-06-17 20:59:12,110 udid.utils.panaccess.subscriberinfo [get_login_data] Login encontrado para 18
[INFO] 2026-06-17 20:59:12,113 udid.utils.panaccess.subscriberinfo [get_login_data] Login encontrado para 18
[INFO] 2026-06-17 20:59:12,117 udid.utils.panaccess.subscriberinfo [get_login_data] Login encontrado para 18
[INFO] 2026-06-17 20:59:12,121 udid.utils.panaccess.subscriberinfo [get_login_data] Login encontrado para 18
[INFO] 2026-06-17 20:59:12,125 udid.utils.panaccess.subscriberinfo [get_login_data] Login encontrado para 18
[INFO] 2026-06-17 20:59:12,128 udid.utils.panaccess.subscriberinfo [get_login_data] Login encontrado para 18
[INFO] 2026-06-17 20:59:12,132 udid.utils.panaccess.subscriberinfo [get_login_data] Login encontrado para 18
[INFO] 2026-06-17 20:59:12,136 udid.utils.panaccess.subscriberinfo [get_login_data] Login encontrado para 18
[INFO] 2026-06-17 20:59:12,140 udid.utils.panaccess.subscriberinfo [get_login_data] Login encontrado para 18
[INFO] 2026-06-17 20:59:12,144 udid.utils.panaccess.subscriberinfo [get_login_data] Login encontrado para 18
[INFO] 2026-06-17 20:59:12,147 udid.utils.panaccess.subscriberinfo [get_login_data] Login encontrado para 18
[INFO] 2026-06-17 20:59:12,150 udid.utils.panaccess.subscriberinfo [get_login_data] Login encontrado para 18
[INFO] 2026-06-17 20:59:12,154 udid.utils.panaccess.subscriberinfo [get_login_data] Login encontrado para 18
[INFO] 2026-06-17 20:59:12,158 udid.utils.panaccess.subscriberinfo [get_login_data] Login encontrado para 18
[INFO] 2026-06-17 20:59:12,161 udid.utils.panaccess.subscriberinfo [get_login_data] Login encontrado para 18
[INFO] 2026-06-17 20:59:12,165 udid.utils.panaccess.subscriberinfo [get_login_data] Login encontrado para 18
[INFO] 2026-06-17 20:59:12,168 udid.utils.panaccess.subscriberinfo [get_login_data] Login encontrado para 18
[INFO] 2026-06-17 20:59:12,172 udid.utils.panaccess.subscriberinfo [get_login_data] Login encontrado para 18
[INFO] 2026-06-17 20:59:12,176 udid.utils.panaccess.subscriberinfo [get_login_data] Login encontrado para 18
[INFO] 2026-06-17 20:59:12,180 udid.utils.panaccess.subscriberinfo [get_login_data] Login encontrado para 18
[INFO] 2026-06-17 20:59:12,183 udid.utils.panaccess.subscriberinfo [get_login_data] Login encontrado para 18
[INFO] 2026-06-17 20:59:12,187 udid.utils.panaccess.subscriberinfo [get_login_data] Login encontrado para 18
[INFO] 2026-06-17 20:59:12,191 udid.utils.panaccess.subscriberinfo [get_login_data] Login encontrado para 18
[INFO] 2026-06-17 20:59:12,194 udid.utils.panaccess.subscriberinfo [get_login_data] Login encontrado para 18
[INFO] 2026-06-17 20:59:12,198 udid.utils.panaccess.subscriberinfo [get_login_data] Login encontrado para 18
[INFO] 2026-06-17 20:59:12,201 udid.utils.panaccess.subscriberinfo [get_login_data] Login encontrado para 18
[INFO] 2026-06-17 20:59:12,205 udid.utils.panaccess.subscriberinfo [get_login_data] Login encontrado para 18
[INFO] 2026-06-17 20:59:12,208 udid.utils.panaccess.subscriberinfo [get_login_data] Login encontrado para 18
[INFO] 2026-06-17 20:59:12,211 udid.utils.panaccess.subscriberinfo [get_login_data] Login encontrado para 18
[INFO] 2026-06-17 20:59:12,214 udid.utils.panaccess.subscriberinfo [get_login_data] Login encontrado para 18
[INFO] 2026-06-17 20:59:12,217 udid.utils.panaccess.subscriberinfo [get_login_data] Login encontrado para 18
[INFO] 2026-06-17 20:59:12,220 udid.utils.panaccess.subscriberinfo [get_login_data] Login encontrado para 18
[INFO] 2026-06-17 20:59:12,223 udid.utils.panaccess.subscriberinfo [get_login_data] Login encontrado para 18
[INFO] 2026-06-17 20:59:12,227 udid.utils.panaccess.subscriberinfo [get_login_data] Login encontrado para 18
[INFO] 2026-06-17 20:59:12,230 udid.utils.panaccess.subscriberinfo [get_login_data] Login encontrado para 18
[INFO] 2026-06-17 20:59:12,233 udid.utils.panaccess.subscriberinfo [get_login_data] Login encontrado para 18
[INFO] 2026-06-17 20:59:12,237 udid.utils.panaccess.subscriberinfo [get_login_data] Login encontrado para 18
[INFO] 2026-06-17 20:59:12,240 udid.utils.panaccess.subscriberinfo [get_login_data] Login encontrado para 18
[INFO] 2026-06-17 20:59:12,243 udid.utils.panaccess.subscriberinfo [get_login_data] Login encontrado para 18
[INFO] 2026-06-17 20:59:12,246 udid.utils.panaccess.subscriberinfo [get_login_data] Login encontrado para 18
[INFO] 2026-06-17 20:59:12,249 udid.utils.panaccess.subscriberinfo [get_login_data] Login encontrado para 15
[INFO] 2026-06-17 20:59:12,252 udid.utils.panaccess.subscriberinfo [get_login_data] Login encontrado para 18
[INFO] 2026-06-17 20:59:12,256 udid.utils.panaccess.subscriberinfo [get_login_data] Login encontrado para 18
[INFO] 2026-06-17 20:59:12,268 udid.utils.panaccess.subscriberinfo [get_login_data] Login encontrado para 18
[INFO] 2026-06-17 20:59:12,271 udid.utils.panaccess.subscriberinfo [get_login_data] Login encontrado para 18
[INFO] 2026-06-17 20:59:12,274 udid.utils.panaccess.subscriberinfo [get_login_data] Login encontrado para 18
[INFO] 2026-06-17 20:59:12,277 udid.utils.panaccess.subscriberinfo [get_login_data] Login encontrado para 18
[INFO] 2026-06-17 20:59:12,280 udid.utils.panaccess.subscriberinfo [get_login_data] Login encontrado para 18
[INFO] 2026-06-17 20:59:12,283 udid.utils.panaccess.subscriberinfo [get_login_data] Login encontrado para 18
[INFO] 2026-06-17 20:59:12,287 udid.utils.panaccess.subscriberinfo [get_login_data] Login encontrado para 18
[INFO] 2026-06-17 20:59:12,290 udid.utils.panaccess.subscriberinfo [get_login_data] Login encontrado para 18
[INFO] 2026-06-17 20:59:12,293 udid.utils.panaccess.subscriberinfo [get_login_data] Login encontrado para 18
[INFO] 2026-06-17 20:59:12,296 udid.utils.panaccess.subscriberinfo [get_login_data] Login encontrado para 18
[INFO] 2026-06-17 20:59:12,299 udid.utils.panaccess.subscriberinfo [get_login_data] Login encontrado para 18
[INFO] 2026-06-17 20:59:12,302 udid.utils.panaccess.subscriberinfo [get_login_data] Login encontrado para 18
[INFO] 2026-06-17 20:59:12,305 udid.utils.panaccess.subscriberinfo [get_login_data] Login encontrado para 18
[INFO] 2026-06-17 20:59:12,308 udid.utils.panaccess.subscriberinfo [get_login_data] Login encontrado para 18
[INFO] 2026-06-17 20:59:12,312 udid.utils.panaccess.subscriberinfo [get_login_data] Login encontrado para 18
[INFO] 2026-06-17 20:59:12,315 udid.utils.panaccess.subscriberinfo [get_login_data] Login encontrado para 18
[INFO] 2026-06-17 20:59:12,318 udid.utils.panaccess.subscriberinfo [get_login_data] Login encontrado para 18
[INFO] 2026-06-17 20:59:12,321 udid.utils.panaccess.subscriberinfo [get_login_data] Login encontrado para 18
[INFO] 2026-06-17 20:59:12,324 udid.utils.panaccess.subscriberinfo [get_login_data] Login encontrado para 18
[INFO] 2026-06-17 20:59:12,327 udid.utils.panaccess.subscriberinfo [get_login_data] Login encontrado para 18
[INFO] 2026-06-17 20:59:12,331 udid.utils.panaccess.subscriberinfo [get_login_data] Login encontrado para 18
[INFO] 2026-06-17 20:59:12,334 udid.utils.panaccess.subscriberinfo [get_login_data] Login encontrado para 18
[WARNING] 2026-06-17 20:59:12,336 udid.utils.panaccess.subscriberinfo [get_login_data] No se encontró login para 00073420L15
[INFO] 2026-06-17 20:59:12,339 udid.utils.panaccess.subscriberinfo [get_login_data] Login encontrado para 18
[WARNING] 2026-06-17 20:59:12,342 udid.utils.panaccess.subscriberinfo [get_login_data] No se encontró login para 551
[INFO] 2026-06-17 20:59:12,345 udid.utils.panaccess.subscriberinfo [get_login_data] Login encontrado para 18
[INFO] 2026-06-17 20:59:12,348 udid.utils.panaccess.subscriberinfo [get_login_data] Login encontrado para 23
[WARNING] 2026-06-17 20:59:12,350 udid.utils.panaccess.subscriberinfo [get_login_data] No se encontró login para 00073420L15
[WARNING] 2026-06-17 20:59:12,353 udid.utils.panaccess.subscriberinfo [get_login_data] No se encontró login para 00073420L15
[WARNING] 2026-06-17 20:59:12,355 udid.utils.panaccess.subscriberinfo [get_login_data] No se encontró login para 551
[INFO] 2026-06-17 20:59:12,358 udid.utils.panaccess.subscriberinfo [get_login_data] Login encontrado para 23
[INFO] 2026-06-17 20:59:12,361 udid.utils.panaccess.subscriberinfo [get_login_data] Login encontrado para 18
[INFO] 2026-06-17 20:59:12,364 udid.utils.panaccess.subscriberinfo [get_login_data] Login encontrado para 13
[INFO] 2026-06-17 20:59:12,367 udid.utils.panaccess.subscriberinfo [get_login_data] Login encontrado para 14
[INFO] 2026-06-17 20:59:12,370 udid.utils.panaccess.subscriberinfo [get_login_data] Login encontrado para 18
[INFO] 2026-06-17 20:59:12,372 udid.utils.panaccess.subscriberinfo [get_login_data] Login encontrado para 23
[INFO] 2026-06-17 20:59:12,375 udid.utils.panaccess.subscriberinfo [get_login_data] Login encontrado para 18
[INFO] 2026-06-17 20:59:12,378 udid.utils.panaccess.subscriberinfo [get_login_data] Login encontrado para 18
[INFO] 2026-06-17 20:59:12,381 udid.utils.panaccess.subscriberinfo [get_login_data] Login encontrado para 5
[INFO] 2026-06-17 20:59:12,384 udid.utils.panaccess.subscriberinfo [get_login_data] Login encontrado para 18
[INFO] 2026-06-17 20:59:12,387 udid.utils.panaccess.subscriberinfo [get_login_data] Login encontrado para 18
[INFO] 2026-06-17 20:59:12,390 udid.utils.panaccess.subscriberinfo [get_login_data] Login encontrado para 00073420L12
[INFO] 2026-06-17 20:59:12,393 udid.utils.panaccess.subscriberinfo [get_login_data] Login encontrado para 524
[INFO] 2026-06-17 20:59:12,396 udid.utils.panaccess.subscriberinfo [get_login_data] Login encontrado para 18
[INFO] 2026-06-17 20:59:12,399 udid.utils.panaccess.subscriberinfo [get_login_data] Login encontrado para 18
[INFO] 2026-06-17 20:59:12,402 udid.utils.panaccess.subscriberinfo [get_login_data] Login encontrado para 18
[INFO] 2026-06-17 20:59:12,405 udid.utils.panaccess.subscriberinfo [get_login_data] Login encontrado para 18
[INFO] 2026-06-17 20:59:12,408 udid.utils.panaccess.subscriberinfo [get_login_data] Login encontrado para 13
[WARNING] 2026-06-17 20:59:12,410 udid.utils.panaccess.subscriberinfo [get_login_data] No se encontró login para 00073420L15
[INFO] 2026-06-17 20:59:12,413 udid.utils.panaccess.subscriberinfo [get_login_data] Login encontrado para 529
[INFO] 2026-06-17 20:59:12,416 udid.utils.panaccess.subscriberinfo [get_login_data] Login encontrado para 18
[INFO] 2026-06-17 20:59:12,419 udid.utils.panaccess.subscriberinfo [get_login_data] Login encontrado para 529
[WARNING] 2026-06-17 20:59:12,422 udid.utils.panaccess.subscriberinfo [get_login_data] No se encontró login para 552
[INFO] 2026-06-17 20:59:12,425 udid.utils.panaccess.subscriberinfo [get_login_data] Login encontrado para 529
[INFO] 2026-06-17 20:59:12,428 udid.utils.panaccess.subscriberinfo [get_login_data] Login encontrado para 529
[INFO] 2026-06-17 20:59:12,431 udid.utils.panaccess.subscriberinfo [get_login_data] Login encontrado para 529
[INFO] 2026-06-17 20:59:12,434 udid.utils.panaccess.subscriberinfo [get_login_data] Login encontrado para 529
[INFO] 2026-06-17 20:59:12,437 udid.utils.panaccess.subscriberinfo [get_login_data] Login encontrado para 529
[INFO] 2026-06-17 20:59:12,440 udid.utils.panaccess.subscriberinfo [get_login_data] Login encontrado para 529
[INFO] 2026-06-17 20:59:12,443 udid.utils.panaccess.subscriberinfo [get_login_data] Login encontrado para 529
[INFO] 2026-06-17 20:59:12,446 udid.utils.panaccess.subscriberinfo [get_login_data] Login encontrado para 529
[INFO] 2026-06-17 20:59:12,449 udid.utils.panaccess.subscriberinfo [get_login_data] Login encontrado para 529
[INFO] 2026-06-17 20:59:12,452 udid.utils.panaccess.subscriberinfo [get_login_data] Login encontrado para 529
[INFO] 2026-06-17 20:59:12,455 udid.utils.panaccess.subscriberinfo [get_login_data] Login encontrado para 18
[INFO] 2026-06-17 20:59:12,458 udid.utils.panaccess.subscriberinfo [get_login_data] Login encontrado para 18
[INFO] 2026-06-17 20:59:12,461 udid.utils.panaccess.subscriberinfo [get_login_data] Login encontrado para 529
[INFO] 2026-06-17 20:59:12,464 udid.utils.panaccess.subscriberinfo [get_login_data] Login encontrado para 529
[INFO] 2026-06-17 20:59:12,467 udid.utils.panaccess.subscriberinfo [get_login_data] Login encontrado para 529
[INFO] 2026-06-17 20:59:12,470 udid.utils.panaccess.subscriberinfo [get_login_data] Login encontrado para 529
[INFO] 2026-06-17 20:59:12,473 udid.utils.panaccess.subscriberinfo [get_login_data] Login encontrado para 529
[INFO] 2026-06-17 20:59:12,476 udid.utils.panaccess.subscriberinfo [get_login_data] Login encontrado para 529
[INFO] 2026-06-17 20:59:12,479 udid.utils.panaccess.subscriberinfo [get_login_data] Login encontrado para 529
[INFO] 2026-06-17 20:59:12,482 udid.utils.panaccess.subscriberinfo [get_login_data] Login encontrado para 529
[INFO] 2026-06-17 20:59:12,485 udid.utils.panaccess.subscriberinfo [get_login_data] Login encontrado para 529
[INFO] 2026-06-17 20:59:12,489 udid.utils.panaccess.subscriberinfo [get_login_data] Login encontrado para 529
[INFO] 2026-06-17 20:59:12,492 udid.utils.panaccess.subscriberinfo [get_login_data] Login encontrado para 529
[INFO] 2026-06-17 20:59:12,495 udid.utils.panaccess.subscriberinfo [get_login_data] Login encontrado para 529
[INFO] 2026-06-17 20:59:12,498 udid.utils.panaccess.subscriberinfo [get_login_data] Login encontrado para 529
[INFO] 2026-06-17 20:59:12,501 udid.utils.panaccess.subscriberinfo [get_login_data] Login encontrado para 529
[INFO] 2026-06-17 20:59:12,504 udid.utils.panaccess.subscriberinfo [get_login_data] Login encontrado para 529
[INFO] 2026-06-17 20:59:12,507 udid.utils.panaccess.subscriberinfo [get_login_data] Login encontrado para 529
[INFO] 2026-06-17 20:59:12,510 udid.utils.panaccess.subscriberinfo [get_login_data] Login encontrado para 529
[INFO] 2026-06-17 20:59:12,513 udid.utils.panaccess.subscriberinfo [get_login_data] Login encontrado para 529
[INFO] 2026-06-17 20:59:12,516 udid.utils.panaccess.subscriberinfo [get_login_data] Login encontrado para 529
[INFO] 2026-06-17 20:59:12,519 udid.utils.panaccess.subscriberinfo [get_login_data] Login encontrado para 529
[INFO] 2026-06-17 20:59:12,522 udid.utils.panaccess.subscriberinfo [get_login_data] Login encontrado para 529
[INFO] 2026-06-17 20:59:12,525 udid.utils.panaccess.subscriberinfo [get_login_data] Login encontrado para 529
[INFO] 2026-06-17 20:59:12,528 udid.utils.panaccess.subscriberinfo [get_login_data] Login encontrado para 529
[INFO] 2026-06-17 20:59:12,531 udid.utils.panaccess.subscriberinfo [get_login_data] Login encontrado para 529
[INFO] 2026-06-17 20:59:12,534 udid.utils.panaccess.subscriberinfo [get_login_data] Login encontrado para 529
[INFO] 2026-06-17 20:59:12,537 udid.utils.panaccess.subscriberinfo [get_login_data] Login encontrado para 529
[INFO] 2026-06-17 20:59:12,540 udid.utils.panaccess.subscriberinfo [get_login_data] Login encontrado para 529
[INFO] 2026-06-17 20:59:12,543 udid.utils.panaccess.subscriberinfo [get_login_data] Login encontrado para 529
[INFO] 2026-06-17 20:59:12,546 udid.utils.panaccess.subscriberinfo [get_login_data] Login encontrado para 529
[INFO] 2026-06-17 20:59:12,549 udid.utils.panaccess.subscriberinfo [get_login_data] Login encontrado para 529
[INFO] 2026-06-17 20:59:12,552 udid.utils.panaccess.subscriberinfo [get_login_data] Login encontrado para 529
[INFO] 2026-06-17 20:59:12,555 udid.utils.panaccess.subscriberinfo [get_login_data] Login encontrado para 529
[INFO] 2026-06-17 20:59:12,558 udid.utils.panaccess.subscriberinfo [get_login_data] Login encontrado para 529
[INFO] 2026-06-17 20:59:12,561 udid.utils.panaccess.subscriberinfo [get_login_data] Login encontrado para 529
[INFO] 2026-06-17 20:59:12,564 udid.utils.panaccess.subscriberinfo [get_login_data] Login encontrado para 529
[INFO] 2026-06-17 20:59:12,571 udid.utils.panaccess.subscriberinfo [get_login_data] Login encontrado para 529
[INFO] 2026-06-17 20:59:12,574 udid.utils.panaccess.subscriberinfo [get_login_data] Login encontrado para 529
[INFO] 2026-06-17 20:59:12,577 udid.utils.panaccess.subscriberinfo [get_login_data] Login encontrado para 529
[INFO] 2026-06-17 20:59:12,580 udid.utils.panaccess.subscriberinfo [get_login_data] Login encontrado para 529
[INFO] 2026-06-17 20:59:12,583 udid.utils.panaccess.subscriberinfo [get_login_data] Login encontrado para 529
[INFO] 2026-06-17 20:59:12,586 udid.utils.panaccess.subscriberinfo [get_login_data] Login encontrado para 529
[INFO] 2026-06-17 20:59:12,589 udid.utils.panaccess.subscriberinfo [get_login_data] Login encontrado para 529
[INFO] 2026-06-17 20:59:12,592 udid.utils.panaccess.subscriberinfo [get_login_data] Login encontrado para 529
[INFO] 2026-06-17 20:59:12,595 udid.utils.panaccess.subscriberinfo [get_login_data] Login encontrado para 529
[INFO] 2026-06-17 20:59:12,598 udid.utils.panaccess.subscriberinfo [get_login_data] Login encontrado para 529
[INFO] 2026-06-17 20:59:12,601 udid.utils.panaccess.subscriberinfo [get_login_data] Login encontrado para 529
[INFO] 2026-06-17 20:59:12,604 udid.utils.panaccess.subscriberinfo [get_login_data] Login encontrado para 529
[INFO] 2026-06-17 20:59:12,607 udid.utils.panaccess.subscriberinfo [get_login_data] Login encontrado para 529
[INFO] 2026-06-17 20:59:12,610 udid.utils.panaccess.subscriberinfo [get_login_data] Login encontrado para 529
[INFO] 2026-06-17 20:59:12,613 udid.utils.panaccess.subscriberinfo [get_login_data] Login encontrado para 529
[INFO] 2026-06-17 20:59:12,616 udid.utils.panaccess.subscriberinfo [get_login_data] Login encontrado para 529
[INFO] 2026-06-17 20:59:12,619 udid.utils.panaccess.subscriberinfo [get_login_data] Login encontrado para 529
[INFO] 2026-06-17 20:59:12,622 udid.utils.panaccess.subscriberinfo [get_login_data] Login encontrado para 529
[INFO] 2026-06-17 20:59:12,625 udid.utils.panaccess.subscriberinfo [get_login_data] Login encontrado para 529
[INFO] 2026-06-17 20:59:12,628 udid.utils.panaccess.subscriberinfo [get_login_data] Login encontrado para 529
[INFO] 2026-06-17 20:59:12,631 udid.utils.panaccess.subscriberinfo [get_login_data] Login encontrado para 529
[INFO] 2026-06-17 20:59:12,634 udid.utils.panaccess.subscriberinfo [get_login_data] Login encontrado para 529
[INFO] 2026-06-17 20:59:12,638 udid.utils.panaccess.subscriberinfo [get_login_data] Login encontrado para 529
[INFO] 2026-06-17 20:59:12,642 udid.utils.panaccess.subscriberinfo [get_login_data] Login encontrado para 529
[INFO] 2026-06-17 20:59:12,645 udid.utils.panaccess.subscriberinfo [get_login_data] Login encontrado para 529
[INFO] 2026-06-17 20:59:12,649 udid.utils.panaccess.subscriberinfo [get_login_data] Login encontrado para 529
[INFO] 2026-06-17 20:59:12,653 udid.utils.panaccess.subscriberinfo [get_login_data] Login encontrado para 529
[INFO] 2026-06-17 20:59:12,656 udid.utils.panaccess.subscriberinfo [get_login_data] Login encontrado para 529
[INFO] 2026-06-17 20:59:12,660 udid.utils.panaccess.subscriberinfo [get_login_data] Login encontrado para 529
[INFO] 2026-06-17 20:59:12,663 udid.utils.panaccess.subscriberinfo [get_login_data] Login encontrado para 529
[INFO] 2026-06-17 20:59:12,667 udid.utils.panaccess.subscriberinfo [get_login_data] Login encontrado para 529
[INFO] 2026-06-17 20:59:12,670 udid.utils.panaccess.subscriberinfo [get_login_data] Login encontrado para 529
[INFO] 2026-06-17 20:59:12,673 udid.utils.panaccess.subscriberinfo [get_login_data] Login encontrado para 529
[INFO] 2026-06-17 20:59:12,677 udid.utils.panaccess.subscriberinfo [get_login_data] Login encontrado para 529
[INFO] 2026-06-17 20:59:12,681 udid.utils.panaccess.subscriberinfo [get_login_data] Login encontrado para 529
[INFO] 2026-06-17 20:59:12,684 udid.utils.panaccess.subscriberinfo [get_login_data] Login encontrado para 529
[INFO] 2026-06-17 20:59:12,687 udid.utils.panaccess.subscriberinfo [get_login_data] Login encontrado para 529
[INFO] 2026-06-17 20:59:12,691 udid.utils.panaccess.subscriberinfo [get_login_data] Login encontrado para 529
[INFO] 2026-06-17 20:59:12,694 udid.utils.panaccess.subscriberinfo [get_login_data] Login encontrado para 529
[INFO] 2026-06-17 20:59:12,697 udid.utils.panaccess.subscriberinfo [get_login_data] Login encontrado para 529
[INFO] 2026-06-17 20:59:12,702 udid.utils.panaccess.subscriberinfo [get_login_data] Login encontrado para 529
[INFO] 2026-06-17 20:59:12,705 udid.utils.panaccess.subscriberinfo [get_login_data] Login encontrado para 529
[INFO] 2026-06-17 20:59:12,708 udid.utils.panaccess.subscriberinfo [get_login_data] Login encontrado para 529
[INFO] 2026-06-17 20:59:12,712 udid.utils.panaccess.subscriberinfo [get_login_data] Login encontrado para 529
[INFO] 2026-06-17 20:59:12,715 udid.utils.panaccess.subscriberinfo [get_login_data] Login encontrado para 529
[INFO] 2026-06-17 20:59:12,719 udid.utils.panaccess.subscriberinfo [get_login_data] Login encontrado para 529
[INFO] 2026-06-17 20:59:12,723 udid.utils.panaccess.subscriberinfo [get_login_data] Login encontrado para 529
[INFO] 2026-06-17 20:59:12,726 udid.utils.panaccess.subscriberinfo [get_login_data] Login encontrado para 529
[INFO] 2026-06-17 20:59:12,730 udid.utils.panaccess.subscriberinfo [get_login_data] Login encontrado para 529
[INFO] 2026-06-17 20:59:12,733 udid.utils.panaccess.subscriberinfo [get_login_data] Login encontrado para 529
[INFO] 2026-06-17 20:59:12,737 udid.utils.panaccess.subscriberinfo [get_login_data] Login encontrado para 529
[INFO] 2026-06-17 20:59:12,741 udid.utils.panaccess.subscriberinfo [get_login_data] Login encontrado para 529
[INFO] 2026-06-17 20:59:12,744 udid.utils.panaccess.subscriberinfo [get_login_data] Login encontrado para 529
[INFO] 2026-06-17 20:59:12,748 udid.utils.panaccess.subscriberinfo [get_login_data] Login encontrado para 529
[INFO] 2026-06-17 20:59:12,751 udid.utils.panaccess.subscriberinfo [get_login_data] Login encontrado para 529
[INFO] 2026-06-17 20:59:12,755 udid.utils.panaccess.subscriberinfo [get_login_data] Login encontrado para 529
[INFO] 2026-06-17 20:59:12,759 udid.utils.panaccess.subscriberinfo [get_login_data] Login encontrado para 529
[INFO] 2026-06-17 20:59:12,763 udid.utils.panaccess.subscriberinfo [get_login_data] Login encontrado para 529
[INFO] 2026-06-17 20:59:12,766 udid.utils.panaccess.subscriberinfo [get_login_data] Login encontrado para 529
[INFO] 2026-06-17 20:59:12,770 udid.utils.panaccess.subscriberinfo [get_login_data] Login encontrado para 529
[INFO] 2026-06-17 20:59:12,773 udid.utils.panaccess.subscriberinfo [get_login_data] Login encontrado para 529
[INFO] 2026-06-17 20:59:12,776 udid.utils.panaccess.subscriberinfo [get_login_data] Login encontrado para 529
[INFO] 2026-06-17 20:59:12,779 udid.utils.panaccess.subscriberinfo [get_login_data] Login encontrado para 529
[INFO] 2026-06-17 20:59:12,783 udid.utils.panaccess.subscriberinfo [get_login_data] Login encontrado para 529
[INFO] 2026-06-17 20:59:12,787 udid.utils.panaccess.subscriberinfo [get_login_data] Login encontrado para 529
[INFO] 2026-06-17 20:59:12,791 udid.utils.panaccess.subscriberinfo [get_login_data] Login encontrado para 529
[INFO] 2026-06-17 20:59:12,794 udid.utils.panaccess.subscriberinfo [get_login_data] Login encontrado para 529
[INFO] 2026-06-17 20:59:12,797 udid.utils.panaccess.subscriberinfo [get_login_data] Login encontrado para 529
[INFO] 2026-06-17 20:59:12,801 udid.utils.panaccess.subscriberinfo [get_login_data] Login encontrado para 529
[INFO] 2026-06-17 20:59:12,806 udid.utils.panaccess.subscriberinfo [get_login_data] Login encontrado para 529
[INFO] 2026-06-17 20:59:12,809 udid.utils.panaccess.subscriberinfo [get_login_data] Login encontrado para 529
[INFO] 2026-06-17 20:59:12,813 udid.utils.panaccess.subscriberinfo [get_login_data] Login encontrado para 529
[INFO] 2026-06-17 20:59:12,817 udid.utils.panaccess.subscriberinfo [get_login_data] Login encontrado para 529
[INFO] 2026-06-17 20:59:12,820 udid.utils.panaccess.subscriberinfo [get_login_data] Login encontrado para 529
[INFO] 2026-06-17 20:59:12,824 udid.utils.panaccess.subscriberinfo [get_login_data] Login encontrado para 529
[INFO] 2026-06-17 20:59:12,827 udid.utils.panaccess.subscriberinfo [get_login_data] Login encontrado para 529
[INFO] 2026-06-17 20:59:12,830 udid.utils.panaccess.subscriberinfo [get_login_data] Login encontrado para 529
[INFO] 2026-06-17 20:59:12,834 udid.utils.panaccess.subscriberinfo [get_login_data] Login encontrado para 529
[INFO] 2026-06-17 20:59:12,837 udid.utils.panaccess.subscriberinfo [get_login_data] Login encontrado para 529
[INFO] 2026-06-17 20:59:12,841 udid.utils.panaccess.subscriberinfo [get_login_data] Login encontrado para 529
[INFO] 2026-06-17 20:59:12,845 udid.utils.panaccess.subscriberinfo [get_login_data] Login encontrado para 529
[INFO] 2026-06-17 20:59:12,849 udid.utils.panaccess.subscriberinfo [get_login_data] Login encontrado para 529
[INFO] 2026-06-17 20:59:12,853 udid.utils.panaccess.subscriberinfo [get_login_data] Login encontrado para 529
[INFO] 2026-06-17 20:59:12,857 udid.utils.panaccess.subscriberinfo [get_login_data] Login encontrado para 529
[INFO] 2026-06-17 20:59:12,860 udid.utils.panaccess.subscriberinfo [get_login_data] Login encontrado para 529
[INFO] 2026-06-17 20:59:12,863 udid.utils.panaccess.subscriberinfo [get_login_data] Login encontrado para 529
[INFO] 2026-06-17 20:59:12,866 udid.utils.panaccess.subscriberinfo [get_login_data] Login encontrado para 529
[INFO] 2026-06-17 20:59:12,871 udid.utils.panaccess.subscriberinfo [get_login_data] Login encontrado para 529
[INFO] 2026-06-17 20:59:12,874 udid.utils.panaccess.subscriberinfo [get_login_data] Login encontrado para 529
[INFO] 2026-06-17 20:59:12,877 udid.utils.panaccess.subscriberinfo [get_login_data] Login encontrado para 529
[INFO] 2026-06-17 20:59:12,880 udid.utils.panaccess.subscriberinfo [get_login_data] Login encontrado para 529
[INFO] 2026-06-17 20:59:12,884 udid.utils.panaccess.subscriberinfo [get_login_data] Login encontrado para 529
[INFO] 2026-06-17 20:59:12,888 udid.utils.panaccess.subscriberinfo [get_login_data] Login encontrado para 529
[INFO] 2026-06-17 20:59:12,892 udid.utils.panaccess.subscriberinfo [get_login_data] Login encontrado para 529
[INFO] 2026-06-17 20:59:12,895 udid.utils.panaccess.subscriberinfo [get_login_data] Login encontrado para 529
[INFO] 2026-06-17 20:59:12,898 udid.utils.panaccess.subscriberinfo [get_login_data] Login encontrado para 529
[INFO] 2026-06-17 20:59:12,902 udid.utils.panaccess.subscriberinfo [get_login_data] Login encontrado para 529
[INFO] 2026-06-17 20:59:12,905 udid.utils.panaccess.subscriberinfo [get_login_data] Login encontrado para 529
[INFO] 2026-06-17 20:59:12,909 udid.utils.panaccess.subscriberinfo [get_login_data] Login encontrado para 529
[INFO] 2026-06-17 20:59:12,912 udid.utils.panaccess.subscriberinfo [get_login_data] Login encontrado para 529
[INFO] 2026-06-17 20:59:12,920 udid.utils.panaccess.subscriberinfo [get_login_data] Login encontrado para 529
[INFO] 2026-06-17 20:59:12,923 udid.utils.panaccess.subscriberinfo [get_login_data] Login encontrado para 529
[INFO] 2026-06-17 20:59:12,926 udid.utils.panaccess.subscriberinfo [get_login_data] Login encontrado para 529
[INFO] 2026-06-17 20:59:12,930 udid.utils.panaccess.subscriberinfo [get_login_data] Login encontrado para 529
[INFO] 2026-06-17 20:59:12,933 udid.utils.panaccess.subscriberinfo [get_login_data] Login encontrado para 529
[INFO] 2026-06-17 20:59:12,937 udid.utils.panaccess.subscriberinfo [get_login_data] Login encontrado para 529
[INFO] 2026-06-17 20:59:12,940 udid.utils.panaccess.subscriberinfo [get_login_data] Login encontrado para 529
[INFO] 2026-06-17 20:59:12,944 udid.utils.panaccess.subscriberinfo [get_login_data] Login encontrado para 529
[INFO] 2026-06-17 20:59:12,947 udid.utils.panaccess.subscriberinfo [get_login_data] Login encontrado para 529
[INFO] 2026-06-17 20:59:12,950 udid.utils.panaccess.subscriberinfo [get_login_data] Login encontrado para 529
[INFO] 2026-06-17 20:59:12,954 udid.utils.panaccess.subscriberinfo [get_login_data] Login encontrado para 529
[INFO] 2026-06-17 20:59:12,957 udid.utils.panaccess.subscriberinfo [get_login_data] Login encontrado para 529
[INFO] 2026-06-17 20:59:12,961 udid.utils.panaccess.subscriberinfo [get_login_data] Login encontrado para 529
[INFO] 2026-06-17 20:59:12,965 udid.utils.panaccess.subscriberinfo [get_login_data] Login encontrado para 529
[INFO] 2026-06-17 20:59:12,968 udid.utils.panaccess.subscriberinfo [get_login_data] Login encontrado para 529
[INFO] 2026-06-17 20:59:12,972 udid.utils.panaccess.subscriberinfo [get_login_data] Login encontrado para 529
[INFO] 2026-06-17 20:59:12,976 udid.utils.panaccess.subscriberinfo [get_login_data] Login encontrado para 529
[INFO] 2026-06-17 20:59:12,979 udid.utils.panaccess.subscriberinfo [get_login_data] Login encontrado para 529
[INFO] 2026-06-17 20:59:12,982 udid.utils.panaccess.subscriberinfo [get_login_data] Login encontrado para 529
[INFO] 2026-06-17 20:59:12,986 udid.utils.panaccess.subscriberinfo [get_login_data] Login encontrado para 529
[INFO] 2026-06-17 20:59:12,989 udid.utils.panaccess.subscriberinfo [get_login_data] Login encontrado para 529
[INFO] 2026-06-17 20:59:12,993 udid.utils.panaccess.subscriberinfo [get_login_data] Login encontrado para 529
[INFO] 2026-06-17 20:59:12,997 udid.utils.panaccess.subscriberinfo [get_login_data] Login encontrado para 529
[INFO] 2026-06-17 20:59:13,000 udid.utils.panaccess.subscriberinfo [get_login_data] Login encontrado para 529
[INFO] 2026-06-17 20:59:13,003 udid.utils.panaccess.subscriberinfo [get_login_data] Login encontrado para 529
[INFO] 2026-06-17 20:59:13,007 udid.utils.panaccess.subscriberinfo [get_login_data] Login encontrado para 529
[INFO] 2026-06-17 20:59:13,010 udid.utils.panaccess.subscriberinfo [get_login_data] Login encontrado para 529
[INFO] 2026-06-17 20:59:13,014 udid.utils.panaccess.subscriberinfo [get_login_data] Login encontrado para 529
[INFO] 2026-06-17 20:59:13,018 udid.utils.panaccess.subscriberinfo [get_login_data] Login encontrado para 529
[INFO] 2026-06-17 20:59:13,022 udid.utils.panaccess.subscriberinfo [get_login_data] Login encontrado para 529
[INFO] 2026-06-17 20:59:13,025 udid.utils.panaccess.subscriberinfo [get_login_data] Login encontrado para 529
[INFO] 2026-06-17 20:59:13,028 udid.utils.panaccess.subscriberinfo [get_login_data] Login encontrado para 529
[INFO] 2026-06-17 20:59:13,032 udid.utils.panaccess.subscriberinfo [get_login_data] Login encontrado para 529
[INFO] 2026-06-17 20:59:13,035 udid.utils.panaccess.subscriberinfo [get_login_data] Login encontrado para 529
[INFO] 2026-06-17 20:59:13,039 udid.utils.panaccess.subscriberinfo [get_login_data] Login encontrado para 529
[INFO] 2026-06-17 20:59:13,042 udid.utils.panaccess.subscriberinfo [get_login_data] Login encontrado para 529
[INFO] 2026-06-17 20:59:13,046 udid.utils.panaccess.subscriberinfo [get_login_data] Login encontrado para 529
[INFO] 2026-06-17 20:59:13,049 udid.utils.panaccess.subscriberinfo [get_login_data] Login encontrado para 529
[INFO] 2026-06-17 20:59:13,052 udid.utils.panaccess.subscriberinfo [get_login_data] Login encontrado para 529
[INFO] 2026-06-17 20:59:13,056 udid.utils.panaccess.subscriberinfo [get_login_data] Login encontrado para 529
[INFO] 2026-06-17 20:59:13,059 udid.utils.panaccess.subscriberinfo [get_login_data] Login encontrado para 529
[INFO] 2026-06-17 20:59:13,063 udid.utils.panaccess.subscriberinfo [get_login_data] Login encontrado para 529
[INFO] 2026-06-17 20:59:13,067 udid.utils.panaccess.subscriberinfo [get_login_data] Login encontrado para 529
[INFO] 2026-06-17 20:59:13,071 udid.utils.panaccess.subscriberinfo [get_login_data] Login encontrado para 529
[INFO] 2026-06-17 20:59:13,074 udid.utils.panaccess.subscriberinfo [get_login_data] Login encontrado para 529
[INFO] 2026-06-17 20:59:13,078 udid.utils.panaccess.subscriberinfo [get_login_data] Login encontrado para 529
[INFO] 2026-06-17 20:59:13,081 udid.utils.panaccess.subscriberinfo [get_login_data] Login encontrado para 529
[INFO] 2026-06-17 20:59:13,084 udid.utils.panaccess.subscriberinfo [get_login_data] Login encontrado para 529
[INFO] 2026-06-17 20:59:13,088 udid.utils.panaccess.subscriberinfo [get_login_data] Login encontrado para 529
[INFO] 2026-06-17 20:59:13,091 udid.utils.panaccess.subscriberinfo [get_login_data] Login encontrado para 529
[INFO] 2026-06-17 20:59:13,095 udid.utils.panaccess.subscriberinfo [get_login_data] Login encontrado para 529
[INFO] 2026-06-17 20:59:13,099 udid.utils.panaccess.subscriberinfo [get_login_data] Login encontrado para 529
[INFO] 2026-06-17 20:59:13,102 udid.utils.panaccess.subscriberinfo [get_login_data] Login encontrado para 529
[INFO] 2026-06-17 20:59:13,106 udid.utils.panaccess.subscriberinfo [get_login_data] Login encontrado para 529
[INFO] 2026-06-17 20:59:13,109 udid.utils.panaccess.subscriberinfo [get_login_data] Login encontrado para 529
[INFO] 2026-06-17 20:59:13,113 udid.utils.panaccess.subscriberinfo [get_login_data] Login encontrado para 529
[INFO] 2026-06-17 20:59:13,116 udid.utils.panaccess.subscriberinfo [get_login_data] Login encontrado para 529
[INFO] 2026-06-17 20:59:13,120 udid.utils.panaccess.subscriberinfo [get_login_data] Login encontrado para 529
[INFO] 2026-06-17 20:59:13,123 udid.utils.panaccess.subscriberinfo [get_login_data] Login encontrado para 529
[INFO] 2026-06-17 20:59:13,127 udid.utils.panaccess.subscriberinfo [get_login_data] Login encontrado para 529
[INFO] 2026-06-17 20:59:13,130 udid.utils.panaccess.subscriberinfo [get_login_data] Login encontrado para 529
[INFO] 2026-06-17 20:59:13,133 udid.utils.panaccess.subscriberinfo [get_login_data] Login encontrado para 18
[INFO] 2026-06-17 20:59:13,137 udid.utils.panaccess.subscriberinfo [get_login_data] Login encontrado para 529
[INFO] 2026-06-17 20:59:13,141 udid.utils.panaccess.subscriberinfo [get_login_data] Login encontrado para 529
[INFO] 2026-06-17 20:59:13,145 udid.utils.panaccess.subscriberinfo [get_login_data] Login encontrado para 529
[INFO] 2026-06-17 20:59:13,148 udid.utils.panaccess.subscriberinfo [get_login_data] Login encontrado para 529
[INFO] 2026-06-17 20:59:13,153 udid.utils.panaccess.subscriberinfo [get_login_data] Login encontrado para 529
[INFO] 2026-06-17 20:59:13,156 udid.utils.panaccess.subscriberinfo [get_login_data] Login encontrado para 18
[INFO] 2026-06-17 20:59:13,159 udid.utils.panaccess.subscriberinfo [get_login_data] Login encontrado para 529
[INFO] 2026-06-17 20:59:13,163 udid.utils.panaccess.subscriberinfo [get_login_data] Login encontrado para 529
[INFO] 2026-06-17 20:59:13,167 udid.utils.panaccess.subscriberinfo [get_login_data] Login encontrado para 529
[INFO] 2026-06-17 20:59:13,170 udid.utils.panaccess.subscriberinfo [get_login_data] Login encontrado para 529
[INFO] 2026-06-17 20:59:13,173 udid.utils.panaccess.subscriberinfo [sync_all_smartcards_bulk] Finalizado. Total procesadas: 1672
TERMINADO. Smartcards procesadas: 1672
